/*
SQLyog Ultimate v12.09 (64 bit)
MySQL - 10.1.40-MariaDB : Database - new_app
*********************************************************************
*/

/*!40101 SET NAMES utf8 */;

/*!40101 SET SQL_MODE=''*/;

/*!40014 SET @OLD_UNIQUE_CHECKS=@@UNIQUE_CHECKS, UNIQUE_CHECKS=0 */;
/*!40014 SET @OLD_FOREIGN_KEY_CHECKS=@@FOREIGN_KEY_CHECKS, FOREIGN_KEY_CHECKS=0 */;
/*!40101 SET @OLD_SQL_MODE=@@SQL_MODE, SQL_MODE='NO_AUTO_VALUE_ON_ZERO' */;
/*!40111 SET @OLD_SQL_NOTES=@@SQL_NOTES, SQL_NOTES=0 */;
CREATE DATABASE /*!32312 IF NOT EXISTS*/`new_app` /*!40100 DEFAULT CHARACTER SET latin1 */;

USE `new_app`;

/*Table structure for table `acl_resources` */

DROP TABLE IF EXISTS `acl_resources`;

CREATE TABLE `acl_resources` (
  `id` int(11) NOT NULL AUTO_INCREMENT,
  `uid` varchar(38) DEFAULT NULL,
  `name` varchar(255) NOT NULL,
  `type` enum('module','controller','action','other') NOT NULL DEFAULT 'other',
  `parent` int(11) DEFAULT NULL,
  `status` int(1) DEFAULT '1',
  `created_at` datetime DEFAULT NULL,
  `created_by` int(11) DEFAULT NULL,
  `update_at` datetime DEFAULT NULL,
  `update_by` int(11) DEFAULT NULL,
  PRIMARY KEY (`id`)
) ENGINE=InnoDB AUTO_INCREMENT=101 DEFAULT CHARSET=latin1;

/*Data for the table `acl_resources` */

insert  into `acl_resources`(`id`,`uid`,`name`,`type`,`parent`,`status`,`created_at`,`created_by`,`update_at`,`update_by`) values (2,'66dc9df1-b06d-11e6-ac37-201a06a403a4','auth','module',NULL,1,'2012-11-12 04:00:23',NULL,NULL,NULL),(3,'66dc9eb2-b06d-11e6-ac37-201a06a403a4','auth/login','controller',2,1,'2012-11-12 12:43:42',NULL,'2012-11-12 12:44:06',NULL),(4,'66dc9f21-b06d-11e6-ac37-201a06a403a4','auth/logout','controller',2,1,'2012-11-12 12:43:56',NULL,NULL,NULL),(5,'66dc9f7b-b06d-11e6-ac37-201a06a403a4','auth/user','controller',2,1,'2012-11-12 04:07:59',NULL,'2012-11-12 08:29:29',NULL),(6,'66dc9fd5-b06d-11e6-ac37-201a06a403a4','acl','module',NULL,1,'2012-02-02 13:47:43',NULL,NULL,NULL),(7,'66dca077-b06d-11e6-ac37-201a06a403a4','acl/resource','controller',6,1,'2012-02-02 13:47:57',NULL,NULL,NULL),(8,'66dca0c8-b06d-11e6-ac37-201a06a403a4','acl/resource/index','action',7,1,'2012-02-02 13:48:21',NULL,NULL,NULL),(9,'66dca138-b06d-11e6-ac37-201a06a403a4','acl/resource/add','action',7,1,'2012-02-02 13:48:35',NULL,'2012-10-16 17:26:12',NULL),(10,'66dca18d-b06d-11e6-ac37-201a06a403a4','acl/resource/edit','action',7,1,'2012-02-02 13:48:50',NULL,'2012-07-09 18:44:38',NULL),(11,'66dca1eb-b06d-11e6-ac37-201a06a403a4','acl/resource/delete','action',7,1,'2012-02-02 13:49:06',NULL,NULL,NULL),(12,'66dca23c-b06d-11e6-ac37-201a06a403a4','acl/role','controller',6,1,'2012-07-12 17:54:16',NULL,NULL,NULL),(13,'66dca28e-b06d-11e6-ac37-201a06a403a4','acl/role/index','action',12,1,'2012-07-12 17:55:29',NULL,NULL,NULL),(14,'66dca2db-b06d-11e6-ac37-201a06a403a4','acl/role/add','action',12,1,'2012-07-12 17:56:00',NULL,NULL,NULL),(15,'66dca31f-b06d-11e6-ac37-201a06a403a4','acl/role/edit','action',12,1,'2012-07-12 17:56:19',NULL,NULL,NULL),(16,'66dca368-b06d-11e6-ac37-201a06a403a4','acl/role/delete','action',12,1,'2012-07-12 17:56:55',NULL,NULL,NULL),(17,'66dca3b5-b06d-11e6-ac37-201a06a403a4','acl/rule','controller',6,1,'2012-07-12 17:53:04',NULL,NULL,NULL),(18,'66dca406-b06d-11e6-ac37-201a06a403a4','acl/rule/edit','action',17,1,'2012-07-12 17:53:25',NULL,NULL,NULL),(19,'66dca44f-b06d-11e6-ac37-201a06a403a4','utils','module',NULL,1,NULL,NULL,NULL,NULL),(20,'66dca4a0-b06d-11e6-ac37-201a06a403a4','dashboard','module',NULL,1,NULL,NULL,NULL,NULL),(21,'66dca4e4-b06d-11e6-ac37-201a06a403a4','api','module',NULL,1,NULL,NULL,NULL,NULL),(24,'ab4a5d5f-66ba-11e7-a1d7-4ccc6acb7c99','auth/user/profile','controller',2,1,'2017-07-12 11:29:18',529,NULL,NULL),(25,'c5c40bbc-bfa6-11e8-96b3-a5a85ac9e318','home','controller',NULL,1,'2018-09-24 10:06:04',1,'2018-09-24 10:11:04',1),(91,'25c4f116-6f46-11eb-b960-d8c497d4d231','produk','controller',94,1,'2021-02-15 11:27:43',1,'2021-02-17 18:39:58',1),(92,'fbc4617c-7112-11eb-88fd-d8c497d4d231','supplier','controller',96,1,'2021-02-17 18:26:31',1,'2021-02-17 18:36:31',1),(93,'0692a549-7113-11eb-88fd-d8c497d4d231','user','controller',95,1,'2021-02-17 18:26:49',1,'2021-02-17 18:35:39',1),(94,'0900aa77-7114-11eb-88fd-d8c497d4d231','mproduk','module',NULL,1,'2021-02-17 18:34:02',1,'2021-02-17 18:38:08',1),(95,'3a6f6043-7114-11eb-88fd-d8c497d4d231','muser','module',NULL,1,'2021-02-17 18:35:25',1,'2021-02-17 18:38:31',1),(96,'5050108d-7114-11eb-88fd-d8c497d4d231','msupplier','module',NULL,1,'2021-02-17 18:36:02',1,'2021-02-17 18:38:21',1),(97,'ff8fdd9a-711b-11eb-88fd-d8c497d4d231','mkategori','module',NULL,1,'2021-02-17 19:31:02',1,'2021-02-17 19:31:10',1),(98,'0d373167-711c-11eb-88fd-d8c497d4d231','kategori','controller',97,1,'2021-02-17 19:31:25',1,NULL,NULL),(99,'922167d6-71a8-11eb-88fd-d8c497d4d231','mowner','module',NULL,1,'2021-02-18 12:17:18',1,NULL,NULL),(100,'9b4d7d30-71a8-11eb-88fd-d8c497d4d231','owner','module',99,1,'2021-02-18 12:17:33',1,NULL,NULL);

/*Table structure for table `acl_role_parents` */

DROP TABLE IF EXISTS `acl_role_parents`;

CREATE TABLE `acl_role_parents` (
  `role_id` int(11) NOT NULL,
  `parent` int(11) NOT NULL,
  `order` int(11) NOT NULL DEFAULT '0',
  PRIMARY KEY (`role_id`,`parent`),
  KEY `acl_role_parents_parent` (`parent`),
  CONSTRAINT `acl_role_parents_ibfk_1` FOREIGN KEY (`role_id`) REFERENCES `acl_roles` (`id`) ON DELETE CASCADE ON UPDATE CASCADE,
  CONSTRAINT `acl_role_parents_ibfk_2` FOREIGN KEY (`parent`) REFERENCES `acl_roles` (`id`) ON DELETE CASCADE ON UPDATE CASCADE
) ENGINE=InnoDB DEFAULT CHARSET=latin1;

/*Data for the table `acl_role_parents` */

/*Table structure for table `acl_roles` */

DROP TABLE IF EXISTS `acl_roles`;

CREATE TABLE `acl_roles` (
  `id` int(11) NOT NULL AUTO_INCREMENT,
  `name` varchar(255) NOT NULL,
  `status` int(1) DEFAULT '1',
  `created_at` datetime DEFAULT NULL,
  `created_by` int(11) DEFAULT NULL,
  `update_at` datetime DEFAULT NULL,
  `update_by` int(11) DEFAULT NULL,
  PRIMARY KEY (`id`)
) ENGINE=InnoDB AUTO_INCREMENT=16 DEFAULT CHARSET=latin1;

/*Data for the table `acl_roles` */

insert  into `acl_roles`(`id`,`name`,`status`,`created_at`,`created_by`,`update_at`,`update_by`) values (1,'Administrator',1,'2011-12-27 12:00:00',NULL,NULL,NULL),(14,'Operator',1,'2021-02-16 12:00:12',1,'2021-02-16 12:00:12',1),(15,'Owner',1,'2021-02-17 18:30:40',1,'2021-02-17 18:30:40',1);

/*Table structure for table `acl_rules` */

DROP TABLE IF EXISTS `acl_rules`;

CREATE TABLE `acl_rules` (
  `role_id` int(11) NOT NULL,
  `resource_id` int(11) NOT NULL,
  `access` enum('allow','deny') NOT NULL DEFAULT 'deny',
  `priviledge` varchar(255) DEFAULT NULL,
  PRIMARY KEY (`role_id`,`resource_id`),
  KEY `acl_rules_resource_id` (`resource_id`),
  CONSTRAINT `acl_rules_ibfk_1` FOREIGN KEY (`role_id`) REFERENCES `acl_roles` (`id`) ON DELETE CASCADE ON UPDATE CASCADE,
  CONSTRAINT `acl_rules_ibfk_2` FOREIGN KEY (`resource_id`) REFERENCES `acl_resources` (`id`) ON DELETE CASCADE ON UPDATE CASCADE
) ENGINE=InnoDB DEFAULT CHARSET=latin1;

/*Data for the table `acl_rules` */

insert  into `acl_rules`(`role_id`,`resource_id`,`access`,`priviledge`) values (14,20,'allow',NULL),(14,25,'allow',NULL),(14,91,'allow',NULL),(14,94,'allow',NULL),(15,20,'allow',NULL),(15,21,'allow',NULL),(15,25,'allow',NULL),(15,91,'allow',NULL),(15,92,'allow',NULL),(15,94,'allow',NULL),(15,96,'allow',NULL),(15,97,'allow',NULL),(15,98,'allow',NULL);

/*Table structure for table `auth_autologin` */

DROP TABLE IF EXISTS `auth_autologin`;

CREATE TABLE `auth_autologin` (
  `user` int(11) NOT NULL,
  `series` varchar(255) NOT NULL,
  `key` varchar(255) NOT NULL,
  `created` datetime NOT NULL,
  PRIMARY KEY (`user`,`series`)
) ENGINE=InnoDB DEFAULT CHARSET=latin1;

/*Data for the table `auth_autologin` */

/*Table structure for table `auth_users` */

DROP TABLE IF EXISTS `auth_users`;

CREATE TABLE `auth_users` (
  `id` int(11) NOT NULL AUTO_INCREMENT,
  `uid` char(36) NOT NULL,
  `first_name` varchar(50) NOT NULL,
  `last_name` varchar(50) NOT NULL,
  `username` varchar(255) NOT NULL,
  `email` varchar(255) NOT NULL,
  `password` varchar(255) NOT NULL,
  `password_second` text,
  `no_telp` varchar(255) NOT NULL,
  `umur` varchar(255) DEFAULT NULL,
  `pekerjaan` varchar(255) DEFAULT NULL,
  `event` text,
  `event_id` int(11) DEFAULT NULL,
  `komentar` text,
  `pertanyaan` text,
  `lang` varchar(2) DEFAULT NULL,
  `registered` datetime NOT NULL,
  `role_id` int(11) DEFAULT NULL,
  `ip` text,
  `status` int(1) DEFAULT '1',
  `created_at` datetime DEFAULT NULL,
  `created_by` int(11) DEFAULT NULL,
  `update_at` datetime DEFAULT NULL,
  `update_by` int(11) DEFAULT NULL,
  `verified_email` int(11) DEFAULT NULL,
  PRIMARY KEY (`id`),
  KEY `auth_users_username` (`username`),
  KEY `auth_users_email` (`email`),
  KEY `auth_users_role_id` (`role_id`),
  CONSTRAINT `auth_users_ibfk_1` FOREIGN KEY (`role_id`) REFERENCES `acl_roles` (`id`) ON DELETE SET NULL ON UPDATE CASCADE
) ENGINE=InnoDB AUTO_INCREMENT=4 DEFAULT CHARSET=latin1;

/*Data for the table `auth_users` */

insert  into `auth_users`(`id`,`uid`,`first_name`,`last_name`,`username`,`email`,`password`,`password_second`,`no_telp`,`umur`,`pekerjaan`,`event`,`event_id`,`komentar`,`pertanyaan`,`lang`,`registered`,`role_id`,`ip`,`status`,`created_at`,`created_by`,`update_at`,`update_by`,`verified_email`) values (1,'c684341e-53c1-11ea-8656-d8c497d4d231','Admin','','admin','admin@gmail.com','$2a$08$Um/mGEbQiuNElLTiNhnObOlu0ThUU8gBQdDFPC5vtonpv.gxDO8Su',NULL,'1092983019238','','','',2,'Umum','','id','2020-02-20 16:17:11',1,NULL,1,'2020-02-20 16:17:11',0,'2020-02-20 16:24:29',13,0),(2,'c684341e-53c1-11ea-8656-d8c497d4d232','Owner','','owner','owner@gmail.com','$2a$08$JY8wL7hP5P.MgehnKODptu6sFZjI2ryNRfD8Jsewkn1ZZdUBTRj0u',NULL,'',NULL,NULL,NULL,NULL,NULL,NULL,'id','2020-02-20 16:17:11',15,'',1,NULL,NULL,'2021-02-17 18:31:35',1,0),(3,'c684341e-53c1-11ea-8656-d8c497d4d233','Operator','','operator','operator@gmail.com','$2a$08$H1iWvshFTPc6BsKC44wCkuZvDs3i5uyVhCrTQEroqjA6/3.jr7XlS',NULL,'',NULL,NULL,NULL,NULL,NULL,NULL,'id','2020-02-20 16:17:11',14,'',1,NULL,NULL,'2021-02-16 12:01:48',1,0);

/*Table structure for table `auth_users_master` */

DROP TABLE IF EXISTS `auth_users_master`;

CREATE TABLE `auth_users_master` (
  `id` int(11) NOT NULL AUTO_INCREMENT,
  `first_name` varchar(50) NOT NULL,
  `last_name` varchar(50) NOT NULL,
  `username` varchar(255) NOT NULL,
  `email` varchar(255) NOT NULL,
  `password` varchar(255) NOT NULL,
  `registered` datetime NOT NULL,
  PRIMARY KEY (`id`),
  UNIQUE KEY `username` (`username`),
  UNIQUE KEY `email` (`email`)
) ENGINE=InnoDB AUTO_INCREMENT=1703 DEFAULT CHARSET=utf8;

/*Data for the table `auth_users_master` */

insert  into `auth_users_master`(`id`,`first_name`,`last_name`,`username`,`email`,`password`,`registered`) values (1002,'Diane','Murphy','dmurphy','dmurphy@classicmodelcars.com','','2012-03-01 05:54:30'),(1056,'Mary','Patterson','mpatterso','mpatterso@classicmodelcars.com','','2012-03-01 05:54:30'),(1076,'Jeff','Firrelli','jeff.firrelli','jeff.firrelli@classicmodelcars.com','','2012-03-01 05:54:30'),(1088,'William','Patterson','wpatterson','wpatterson@classicmodelcars.com','','2012-03-01 05:54:30'),(1102,'Gerard','Bondur','gbondur','gbondur@classicmodelcars.com','','2012-03-01 05:54:30'),(1143,'Anthony','Bow','abow','abow@classicmodelcars.com','','2012-03-01 05:54:30'),(1165,'Leslie','Jennings','ljennings','ljennings@classicmodelcars.com','','2012-03-01 05:54:30'),(1166,'Leslie','Thompson','lthompson','lthompson@classicmodelcars.com','','2012-03-01 05:54:30'),(1188,'Julie','Firrelli','julie.firrelli','julie.firrelli@classicmodelcars.com','','2012-03-01 05:54:30'),(1216,'Steve','Patterson','spatterson','spatterson@classicmodelcars.com','','2012-03-01 05:54:30'),(1286,'Foon Yue','Tseng','ftseng','ftseng@classicmodelcars.com','','2012-03-01 05:54:30'),(1323,'George','Vanauf','gvanauf','gvanauf@classicmodelcars.com','','2012-03-01 05:54:30'),(1337,'Loui','Bondur','lbondur','lbondur@classicmodelcars.com','','2012-03-01 05:54:30'),(1370,'Gerard','Hernandez','ghernande','ghernande@classicmodelcars.com','','2012-03-01 05:54:30'),(1401,'Pamela','Castillo','pcastillo','pcastillo@classicmodelcars.com','','2012-03-01 05:54:30'),(1501,'Larry','Bott','lbott','lbott@classicmodelcars.com','','2012-03-01 05:54:30'),(1504,'Barry','Jones','bjones','bjones@classicmodelcars.com','','2012-03-01 05:54:30'),(1611,'Andy','Fixter','afixter','afixter@classicmodelcars.com','','2012-03-01 05:54:30'),(1612,'Peter','Marsh','pmarsh','pmarsh@classicmodelcars.com','','2012-03-01 05:54:30'),(1619,'Tom','King','tking','tking@classicmodelcars.com','','2012-03-01 05:54:30'),(1621,'Mami','Nishi','mnishi','mnishi@classicmodelcars.com','','2012-03-01 05:54:30'),(1625,'Yoshimi','Kato','ykato','ykato@classicmodelcars.com','','2012-03-01 05:54:30'),(1702,'Martin','Gerard','mgerard','mgerard@classicmodelcars.com','','2012-03-01 05:54:30');

/*Table structure for table `auth_users_roles` */

DROP TABLE IF EXISTS `auth_users_roles`;

CREATE TABLE `auth_users_roles` (
  `id` int(11) NOT NULL AUTO_INCREMENT,
  `user_id` int(11) NOT NULL,
  `role_id` int(11) NOT NULL,
  `created_at` datetime DEFAULT NULL,
  `created_by` int(11) NOT NULL DEFAULT '0',
  `update_at` datetime DEFAULT NULL,
  `update_by` int(11) NOT NULL DEFAULT '0',
  PRIMARY KEY (`id`),
  KEY `auth_users_roles_auth_users_FK` (`user_id`),
  CONSTRAINT `auth_users_roles_auth_users_FK` FOREIGN KEY (`user_id`) REFERENCES `auth_users` (`id`) ON DELETE CASCADE
) ENGINE=InnoDB AUTO_INCREMENT=769 DEFAULT CHARSET=latin1;

/*Data for the table `auth_users_roles` */

insert  into `auth_users_roles`(`id`,`user_id`,`role_id`,`created_at`,`created_by`,`update_at`,`update_by`) values (764,1,1,NULL,0,NULL,0),(767,3,14,NULL,0,NULL,0),(768,2,15,NULL,0,NULL,0);

/*Table structure for table `ci_sessions` */

DROP TABLE IF EXISTS `ci_sessions`;

CREATE TABLE `ci_sessions` (
  `id` varchar(40) NOT NULL,
  `ip_address` varchar(45) NOT NULL,
  `timestamp` int(10) unsigned NOT NULL DEFAULT '0',
  `data` blob NOT NULL,
  PRIMARY KEY (`id`),
  KEY `timestamp` (`timestamp`)
) ENGINE=InnoDB DEFAULT CHARSET=latin1;

/*Data for the table `ci_sessions` */

insert  into `ci_sessions`(`id`,`ip_address`,`timestamp`,`data`) values ('00m28m56dttgljaq4kqbve6i9tg76be8','::1',1613611088,'__ci_last_regenerate|i:1613611087;role_name|s:5:\"Guest\";'),('0acsf3vh1hfk16ib1cfr5lpr7u0ulrar','::1',1613563341,'__ci_last_regenerate|i:1613563341;auth_user|s:1:\"2\";auth_loggedin|b:1;lang|s:2:\"id\";role_id|s:2:\"15\";role_name|s:5:\"Owner\";first_name|s:5:\"Owner\";last_name|s:0:\"\";token|s:349:\"eyJhbGciOiJIUzUxMiIsImtpZCI6Im1Bb2xxeUt0Z0NfbEYyYnZSdFdvQ1NZR3FiQ3ViTHUyZGwydlpoaFI3S1UifQ.eyJpc3MiOiJtb2JpbGUiLCJpYXQiOjE2MTM1NjIzNjcsImp0aSI6ImU2ZjhlZWE1LTU3MzUtNGNjNy04NjA3LTM2MmY4NjMzMmMzOSIsInVzZXIiOnsiaWQiOjMsImVtYWlsIjoiZmlyaGF0aGlkYXlhdEBnbWFpbC5jb20ifX0.v9kBqe070_1sKH_XzFs3xdVh0iawjHMRgQuQV1ZX-zYW_HJ3iENwMg1tg44ZYpzJcc_N8Vy4D8t6Vpptw-mPmg\";sup_id|s:0:\"\";id|s:1:\"2\";username|s:5:\"owner\";email|s:15:\"owner@gmail.com\";roles|a:1:{i:0;O:8:\"stdClass\":2:{s:2:\"id\";s:2:\"15\";s:4:\"name\";s:5:\"Owner\";}}'),('0bl9mf3b827llimfr41f9tcepf6edebf','::1',1613618154,'__ci_last_regenerate|i:1613618154;role_name|s:5:\"Guest\";'),('0fe5cve7j04899rikmi5a6381fh8lbtd','::1',1613562423,'__ci_last_regenerate|i:1613562423;auth_user|s:1:\"2\";auth_loggedin|b:1;lang|s:2:\"id\";role_id|s:2:\"15\";role_name|s:5:\"Owner\";first_name|s:5:\"Owner\";last_name|s:0:\"\";token|s:349:\"eyJhbGciOiJIUzUxMiIsImtpZCI6Im1Bb2xxeUt0Z0NfbEYyYnZSdFdvQ1NZR3FiQ3ViTHUyZGwydlpoaFI3S1UifQ.eyJpc3MiOiJtb2JpbGUiLCJpYXQiOjE2MTM1NjIzNjcsImp0aSI6ImU2ZjhlZWE1LTU3MzUtNGNjNy04NjA3LTM2MmY4NjMzMmMzOSIsInVzZXIiOnsiaWQiOjMsImVtYWlsIjoiZmlyaGF0aGlkYXlhdEBnbWFpbC5jb20ifX0.v9kBqe070_1sKH_XzFs3xdVh0iawjHMRgQuQV1ZX-zYW_HJ3iENwMg1tg44ZYpzJcc_N8Vy4D8t6Vpptw-mPmg\";sup_id|s:0:\"\";id|s:1:\"2\";username|s:5:\"owner\";email|s:15:\"owner@gmail.com\";roles|a:1:{i:0;O:8:\"stdClass\":2:{s:2:\"id\";s:2:\"15\";s:4:\"name\";s:5:\"Owner\";}}'),('0m23jbs4afs90t018kf0p6d7mudgnq5h','::1',1613457656,'__ci_last_regenerate|i:1613457656;role_name|s:8:\"Operator\";auth_user|s:1:\"3\";auth_loggedin|b:1;lang|s:2:\"en\";role_id|s:2:\"14\";first_name|s:8:\"Operator\";last_name|s:0:\"\";token|s:348:\"eyJhbGciOiJIUzUxMiIsImtpZCI6Im1Bb2xxeUt0Z0NfbEYyYnZSdFdvQ1NZR3FiQ3ViTHUyZGwydlpoaFI3S1UifQ.eyJpc3MiOiJtb2JpbGUiLCJpYXQiOjE2MTM0NTcwODYsImp0aSI6ImVjYzNhYmFlLWI3MWMtNGQ2Mi05YTcyLWRjMmRlMzA5Y2JiZCIsInVzZXIiOnsiaWQiOjUxLCJlbWFpbCI6ImRnX29wZXJhdG9yQGdtYWlsLmNvbSJ9fQ.wisKK6l5VEDvoK28wEWthgyS4Nj3iX1t8gD-6HpO27mpyhDF9Bd-8bF5umfWptgzGUbBDw8U9wea6u6lF6JeCg\";id|s:1:\"3\";username|s:8:\"operator\";email|s:18:\"operator@gmail.com\";roles|a:1:{i:0;O:8:\"stdClass\":2:{s:2:\"id\";s:2:\"14\";s:4:\"name\";s:8:\"Operator\";}}sup_id|s:2:\"12\";'),('0nvo8ca2lpb9kcl9dtrl8ge13mcjquk8','::1',1613567829,'__ci_last_regenerate|i:1613567829;role_name|s:5:\"Guest\";'),('1b1giegnvv9ef8vtn2t2saqqjthnrt26','::1',1613472922,'__ci_last_regenerate|i:1613472922;role_name|s:13:\"Administrator\";auth_user|s:1:\"1\";auth_loggedin|b:1;lang|s:2:\"id\";role_id|s:1:\"1\";first_name|s:5:\"Admin\";last_name|s:0:\"\";token|s:341:\"eyJhbGciOiJIUzUxMiIsImtpZCI6Im1Bb2xxeUt0Z0NfbEYyYnZSdFdvQ1NZR3FiQ3ViTHUyZGwydlpoaFI3S1UifQ.eyJpc3MiOiJtb2JpbGUiLCJpYXQiOjE2MTM0NzIzMDQsImp0aSI6ImY3MTE0ODgzLWNkZWUtNGZlOC1hNWVmLWYzODhkYTczOTRhZiIsInVzZXIiOnsiaWQiOjEsImVtYWlsIjoiYWRtaW5AZXhhbXBsZS5jb20ifX0.fwo8uDtwqydVH3PaBT8CNZblYW6xa6mHRFCBnTiWc2w6NM15wSMl6ZDpm0RpnY8hKYC8o1GQpayDiGwLQZXSfw\";id|s:1:\"1\";username|s:5:\"admin\";email|s:15:\"admin@gmail.com\";roles|a:1:{i:0;O:8:\"stdClass\":2:{s:2:\"id\";s:1:\"1\";s:4:\"name\";s:13:\"Administrator\";}}sup_id|s:0:\"\";'),('1j8v15dss8vtikjfshj0rjlbmus9o9ee','::1',1613634799,'__ci_last_regenerate|i:1613634765;role_name|s:5:\"Guest\";'),('1tnqrj849ip48ms48o19d29baj5tp0i7','::1',1613448192,'__ci_last_regenerate|i:1613448192;role_name|s:13:\"Administrator\";auth_user|s:1:\"1\";auth_loggedin|b:1;lang|s:2:\"id\";role_id|s:1:\"1\";first_name|s:5:\"Admin\";last_name|s:0:\"\";token|s:341:\"eyJhbGciOiJIUzUxMiIsImtpZCI6Im1Bb2xxeUt0Z0NfbEYyYnZSdFdvQ1NZR3FiQ3ViTHUyZGwydlpoaFI3S1UifQ.eyJpc3MiOiJtb2JpbGUiLCJpYXQiOjE2MTM0NDQxMzYsImp0aSI6ImQxODFjMjUzLTAyMTAtNGJhZS04NDk5LTA0ZDc1OWMwMDI2MCIsInVzZXIiOnsiaWQiOjEsImVtYWlsIjoiYWRtaW5AZXhhbXBsZS5jb20ifX0.Ha_qc9yE5G28oeK68XlHrO0EizkuVmi_yKmcbLwVnp_gBXHlAFBPpfMpOvnSur0rCoc4YPg4yCXZeIFC1v5nfA\";id|s:1:\"1\";username|s:5:\"admin\";email|s:15:\"admin@gmail.com\";roles|a:1:{i:0;O:8:\"stdClass\":2:{s:2:\"id\";s:1:\"1\";s:4:\"name\";s:13:\"Administrator\";}}'),('2ar98fn4mtsirb2rf5m47i3j3i2t1s7g','::1',1613450978,'__ci_last_regenerate|i:1613450977;role_name|s:5:\"Guest\";'),('2hijls0jarsk9tp8rignl73kk18e4qso','::1',1613562073,'__ci_last_regenerate|i:1613562073;auth_user|s:1:\"1\";auth_loggedin|b:1;lang|s:2:\"id\";role_id|s:1:\"1\";role_name|s:13:\"Administrator\";first_name|s:5:\"Admin\";last_name|s:0:\"\";token|s:341:\"eyJhbGciOiJIUzUxMiIsImtpZCI6Im1Bb2xxeUt0Z0NfbEYyYnZSdFdvQ1NZR3FiQ3ViTHUyZGwydlpoaFI3S1UifQ.eyJpc3MiOiJtb2JpbGUiLCJpYXQiOjE2MTM1NjExMjcsImp0aSI6IjM2ZTQzZGZlLWZkOTMtNGVmZC05NjBlLWZiOTFjYWFmMmMwNCIsInVzZXIiOnsiaWQiOjEsImVtYWlsIjoiYWRtaW5AZXhhbXBsZS5jb20ifX0.nQMnCccp7ULqWapTp_VUj7wYsFNYCSm2yquNQE8gE8PmZODk6Kc8aSjnmt4lfBCaURz8sHLBwiSlbDgy2yabQg\";sup_id|s:0:\"\";id|s:1:\"1\";username|s:5:\"admin\";email|s:15:\"admin@gmail.com\";roles|a:1:{i:0;O:8:\"stdClass\":2:{s:2:\"id\";s:1:\"1\";s:4:\"name\";s:13:\"Administrator\";}}success|s:24:\"Resource sudah diupdate.\";__ci_vars|a:1:{s:7:\"success\";s:3:\"old\";}'),('2umod4gvohnn09kob5a4gackkmibkvq8','::1',1613445124,'__ci_last_regenerate|i:1613445124;role_name|s:13:\"Administrator\";auth_user|s:1:\"1\";auth_loggedin|b:1;lang|s:2:\"id\";role_id|s:1:\"1\";first_name|s:5:\"Admin\";last_name|s:0:\"\";token|s:341:\"eyJhbGciOiJIUzUxMiIsImtpZCI6Im1Bb2xxeUt0Z0NfbEYyYnZSdFdvQ1NZR3FiQ3ViTHUyZGwydlpoaFI3S1UifQ.eyJpc3MiOiJtb2JpbGUiLCJpYXQiOjE2MTM0NDQxMzYsImp0aSI6ImQxODFjMjUzLTAyMTAtNGJhZS04NDk5LTA0ZDc1OWMwMDI2MCIsInVzZXIiOnsiaWQiOjEsImVtYWlsIjoiYWRtaW5AZXhhbXBsZS5jb20ifX0.Ha_qc9yE5G28oeK68XlHrO0EizkuVmi_yKmcbLwVnp_gBXHlAFBPpfMpOvnSur0rCoc4YPg4yCXZeIFC1v5nfA\";id|s:1:\"1\";username|s:5:\"admin\";email|s:15:\"admin@gmail.com\";roles|a:1:{i:0;O:8:\"stdClass\":2:{s:2:\"id\";s:1:\"1\";s:4:\"name\";s:13:\"Administrator\";}}'),('39tnue6e4n1uav6599skvkukgpb3lqd9','::1',1613451170,'__ci_last_regenerate|i:1613451170;role_name|s:13:\"Administrator\";auth_user|s:1:\"3\";auth_loggedin|b:1;lang|N;role_id|s:1:\"1\";first_name|s:8:\"Operator\";last_name|s:0:\"\";token|s:348:\"eyJhbGciOiJIUzUxMiIsImtpZCI6Im1Bb2xxeUt0Z0NfbEYyYnZSdFdvQ1NZR3FiQ3ViTHUyZGwydlpoaFI3S1UifQ.eyJpc3MiOiJtb2JpbGUiLCJpYXQiOjE2MTM0NTEwNDAsImp0aSI6IjQ4ZmQ2ZDQ4LTJlZTUtNDkwOC1hZDQ1LWI5MmQ4MmNjYWJiMSIsInVzZXIiOnsiaWQiOjUxLCJlbWFpbCI6ImRnX29wZXJhdG9yQGdtYWlsLmNvbSJ9fQ.4WVqESuysLQ9aA8L8hXy17zC64HSWzOmXlX2VgjaGuCV-YUC7AY5su3mtjN4eIBlqHTY4l8M3HAcQFweatxIcw\";id|s:1:\"3\";username|s:8:\"operator\";email|s:18:\"operator@gmail.com\";roles|a:0:{}'),('3n6sd0c9gg25eol5rqm4gplfcfmen2v0','::1',1613633476,'__ci_last_regenerate|i:1613633476;auth_user|s:1:\"1\";auth_loggedin|b:1;lang|s:2:\"id\";role_id|s:1:\"1\";role_name|s:13:\"Administrator\";first_name|s:5:\"Admin\";last_name|s:0:\"\";token|s:341:\"eyJhbGciOiJIUzUxMiIsImtpZCI6Im1Bb2xxeUt0Z0NfbEYyYnZSdFdvQ1NZR3FiQ3ViTHUyZGwydlpoaFI3S1UifQ.eyJpc3MiOiJtb2JpbGUiLCJpYXQiOjE2MTM2MTgxOTMsImp0aSI6IjIwMzJiMThkLTk4NzgtNGRhZS1iOTQ0LTIyODIwMjA4NWViNiIsInVzZXIiOnsiaWQiOjEsImVtYWlsIjoiYWRtaW5AZXhhbXBsZS5jb20ifX0.XPet8gVmO17RsjqjRWxQTVx3kB5z51QUS6xEX05DbWIbuLEGuKU5Rz0RTCVdmi8r9nvhV9p0h7zWMHQEGge2hw\";sup_id|s:0:\"\";id|s:1:\"1\";username|s:5:\"admin\";email|s:15:\"admin@gmail.com\";roles|a:1:{i:0;O:8:\"stdClass\":2:{s:2:\"id\";s:1:\"1\";s:4:\"name\";s:13:\"Administrator\";}}'),('3qjt43nh36f96d31h5stg7fvilt3svc4','::1',1613466124,'__ci_last_regenerate|i:1613466124;role_name|s:8:\"Operator\";auth_user|s:1:\"3\";auth_loggedin|b:1;lang|s:2:\"en\";role_id|s:2:\"14\";first_name|s:8:\"Operator\";last_name|s:0:\"\";token|s:348:\"eyJhbGciOiJIUzUxMiIsImtpZCI6Im1Bb2xxeUt0Z0NfbEYyYnZSdFdvQ1NZR3FiQ3ViTHUyZGwydlpoaFI3S1UifQ.eyJpc3MiOiJtb2JpbGUiLCJpYXQiOjE2MTM0NTcwODYsImp0aSI6ImVjYzNhYmFlLWI3MWMtNGQ2Mi05YTcyLWRjMmRlMzA5Y2JiZCIsInVzZXIiOnsiaWQiOjUxLCJlbWFpbCI6ImRnX29wZXJhdG9yQGdtYWlsLmNvbSJ9fQ.wisKK6l5VEDvoK28wEWthgyS4Nj3iX1t8gD-6HpO27mpyhDF9Bd-8bF5umfWptgzGUbBDw8U9wea6u6lF6JeCg\";id|s:1:\"3\";username|s:8:\"operator\";email|s:18:\"operator@gmail.com\";roles|a:1:{i:0;O:8:\"stdClass\":2:{s:2:\"id\";s:2:\"14\";s:4:\"name\";s:8:\"Operator\";}}sup_id|s:2:\"12\";'),('3s1i2kk1u3pfsdo210op97maskn7b21q','::1',1613456963,'__ci_last_regenerate|i:1613456963;role_name|s:8:\"Operator\";auth_user|s:1:\"3\";auth_loggedin|b:1;lang|s:2:\"en\";role_id|s:2:\"14\";first_name|s:8:\"Operator\";last_name|s:0:\"\";token|s:348:\"eyJhbGciOiJIUzUxMiIsImtpZCI6Im1Bb2xxeUt0Z0NfbEYyYnZSdFdvQ1NZR3FiQ3ViTHUyZGwydlpoaFI3S1UifQ.eyJpc3MiOiJtb2JpbGUiLCJpYXQiOjE2MTM0NTIwOTYsImp0aSI6IjFjYzdhNDRiLWJjMjItNDJiZS04NjVmLTJiYjI4ZDVlZTQ0NSIsInVzZXIiOnsiaWQiOjUxLCJlbWFpbCI6ImRnX29wZXJhdG9yQGdtYWlsLmNvbSJ9fQ.Tq0LuTPACtZ2s16tQpt4_WWQSQOHCiKS41lKxsv1fDleHY0XSg1K6GW52lQXN-HCfAQxJLgIEQTjys3Fc1ODcg\";id|s:1:\"3\";username|s:8:\"operator\";email|s:18:\"operator@gmail.com\";roles|a:1:{i:0;O:8:\"stdClass\":2:{s:2:\"id\";s:2:\"14\";s:4:\"name\";s:8:\"Operator\";}}sup_id|s:2:\"12\";'),('4bc5i37gbsd8ofpe6r8fb9vcmcvc1861','::1',1613563035,'__ci_last_regenerate|i:1613563035;auth_user|s:1:\"2\";auth_loggedin|b:1;lang|s:2:\"id\";role_id|s:2:\"15\";role_name|s:5:\"Owner\";first_name|s:5:\"Owner\";last_name|s:0:\"\";token|s:349:\"eyJhbGciOiJIUzUxMiIsImtpZCI6Im1Bb2xxeUt0Z0NfbEYyYnZSdFdvQ1NZR3FiQ3ViTHUyZGwydlpoaFI3S1UifQ.eyJpc3MiOiJtb2JpbGUiLCJpYXQiOjE2MTM1NjIzNjcsImp0aSI6ImU2ZjhlZWE1LTU3MzUtNGNjNy04NjA3LTM2MmY4NjMzMmMzOSIsInVzZXIiOnsiaWQiOjMsImVtYWlsIjoiZmlyaGF0aGlkYXlhdEBnbWFpbC5jb20ifX0.v9kBqe070_1sKH_XzFs3xdVh0iawjHMRgQuQV1ZX-zYW_HJ3iENwMg1tg44ZYpzJcc_N8Vy4D8t6Vpptw-mPmg\";sup_id|s:0:\"\";id|s:1:\"2\";username|s:5:\"owner\";email|s:15:\"owner@gmail.com\";roles|a:1:{i:0;O:8:\"stdClass\":2:{s:2:\"id\";s:2:\"15\";s:4:\"name\";s:5:\"Owner\";}}'),('4c7mqf9bktbtgr5uus3sm2e1i6ah5fn6','::1',1613467969,'__ci_last_regenerate|i:1613467969;role_name|s:8:\"Operator\";auth_user|s:1:\"3\";auth_loggedin|b:1;lang|s:2:\"en\";role_id|s:2:\"14\";first_name|s:8:\"Operator\";last_name|s:0:\"\";token|s:348:\"eyJhbGciOiJIUzUxMiIsImtpZCI6Im1Bb2xxeUt0Z0NfbEYyYnZSdFdvQ1NZR3FiQ3ViTHUyZGwydlpoaFI3S1UifQ.eyJpc3MiOiJtb2JpbGUiLCJpYXQiOjE2MTM0NTcwODYsImp0aSI6ImVjYzNhYmFlLWI3MWMtNGQ2Mi05YTcyLWRjMmRlMzA5Y2JiZCIsInVzZXIiOnsiaWQiOjUxLCJlbWFpbCI6ImRnX29wZXJhdG9yQGdtYWlsLmNvbSJ9fQ.wisKK6l5VEDvoK28wEWthgyS4Nj3iX1t8gD-6HpO27mpyhDF9Bd-8bF5umfWptgzGUbBDw8U9wea6u6lF6JeCg\";id|s:1:\"3\";username|s:8:\"operator\";email|s:18:\"operator@gmail.com\";roles|a:1:{i:0;O:8:\"stdClass\":2:{s:2:\"id\";s:2:\"14\";s:4:\"name\";s:8:\"Operator\";}}sup_id|s:2:\"12\";'),('4g8une9th85ar5ghnp9anm176guk9p0h','::1',1613450197,'__ci_last_regenerate|i:1613450197;role_name|s:13:\"Administrator\";auth_user|s:1:\"1\";auth_loggedin|b:1;lang|s:2:\"id\";role_id|s:1:\"1\";first_name|s:5:\"Admin\";last_name|s:0:\"\";token|s:341:\"eyJhbGciOiJIUzUxMiIsImtpZCI6Im1Bb2xxeUt0Z0NfbEYyYnZSdFdvQ1NZR3FiQ3ViTHUyZGwydlpoaFI3S1UifQ.eyJpc3MiOiJtb2JpbGUiLCJpYXQiOjE2MTM0NDQxMzYsImp0aSI6ImQxODFjMjUzLTAyMTAtNGJhZS04NDk5LTA0ZDc1OWMwMDI2MCIsInVzZXIiOnsiaWQiOjEsImVtYWlsIjoiYWRtaW5AZXhhbXBsZS5jb20ifX0.Ha_qc9yE5G28oeK68XlHrO0EizkuVmi_yKmcbLwVnp_gBXHlAFBPpfMpOvnSur0rCoc4YPg4yCXZeIFC1v5nfA\";id|s:1:\"1\";username|s:5:\"admin\";email|s:15:\"admin@gmail.com\";roles|a:1:{i:0;O:8:\"stdClass\":2:{s:2:\"id\";s:1:\"1\";s:4:\"name\";s:13:\"Administrator\";}}'),('4j443trsp4dd7u10gjoh2908kjpkp1nb','::1',1613563706,'__ci_last_regenerate|i:1613563668;auth_user|b:0;auth_loggedin|b:0;lang|s:2:\"id\";role_id|s:2:\"15\";role_name|s:5:\"Guest\";first_name|s:5:\"Owner\";last_name|s:0:\"\";token|s:349:\"eyJhbGciOiJIUzUxMiIsImtpZCI6Im1Bb2xxeUt0Z0NfbEYyYnZSdFdvQ1NZR3FiQ3ViTHUyZGwydlpoaFI3S1UifQ.eyJpc3MiOiJtb2JpbGUiLCJpYXQiOjE2MTM1NjIzNjcsImp0aSI6ImU2ZjhlZWE1LTU3MzUtNGNjNy04NjA3LTM2MmY4NjMzMmMzOSIsInVzZXIiOnsiaWQiOjMsImVtYWlsIjoiZmlyaGF0aGlkYXlhdEBnbWFpbC5jb20ifX0.v9kBqe070_1sKH_XzFs3xdVh0iawjHMRgQuQV1ZX-zYW_HJ3iENwMg1tg44ZYpzJcc_N8Vy4D8t6Vpptw-mPmg\";sup_id|s:0:\"\";id|s:1:\"2\";username|s:5:\"owner\";email|s:15:\"owner@gmail.com\";roles|a:1:{i:0;O:8:\"stdClass\":2:{s:2:\"id\";s:2:\"15\";s:4:\"name\";s:5:\"Owner\";}}'),('4kpcmlq04gd0mfmr9k6t2ib1t6i3ftd6','::1',1613467276,'__ci_last_regenerate|i:1613467276;role_name|s:8:\"Operator\";auth_user|s:1:\"3\";auth_loggedin|b:1;lang|s:2:\"en\";role_id|s:2:\"14\";first_name|s:8:\"Operator\";last_name|s:0:\"\";token|s:348:\"eyJhbGciOiJIUzUxMiIsImtpZCI6Im1Bb2xxeUt0Z0NfbEYyYnZSdFdvQ1NZR3FiQ3ViTHUyZGwydlpoaFI3S1UifQ.eyJpc3MiOiJtb2JpbGUiLCJpYXQiOjE2MTM0NTcwODYsImp0aSI6ImVjYzNhYmFlLWI3MWMtNGQ2Mi05YTcyLWRjMmRlMzA5Y2JiZCIsInVzZXIiOnsiaWQiOjUxLCJlbWFpbCI6ImRnX29wZXJhdG9yQGdtYWlsLmNvbSJ9fQ.wisKK6l5VEDvoK28wEWthgyS4Nj3iX1t8gD-6HpO27mpyhDF9Bd-8bF5umfWptgzGUbBDw8U9wea6u6lF6JeCg\";id|s:1:\"3\";username|s:8:\"operator\";email|s:18:\"operator@gmail.com\";roles|a:1:{i:0;O:8:\"stdClass\":2:{s:2:\"id\";s:2:\"14\";s:4:\"name\";s:8:\"Operator\";}}sup_id|s:2:\"12\";'),('4lt0n0mnljm3sla0uo6u34rfttaspoc5','::1',1613452385,'__ci_last_regenerate|i:1613452385;role_name|s:8:\"Operator\";auth_user|s:1:\"3\";auth_loggedin|b:1;lang|s:2:\"en\";role_id|s:2:\"14\";first_name|s:8:\"Operator\";last_name|s:0:\"\";token|s:348:\"eyJhbGciOiJIUzUxMiIsImtpZCI6Im1Bb2xxeUt0Z0NfbEYyYnZSdFdvQ1NZR3FiQ3ViTHUyZGwydlpoaFI3S1UifQ.eyJpc3MiOiJtb2JpbGUiLCJpYXQiOjE2MTM0NTIwOTYsImp0aSI6IjFjYzdhNDRiLWJjMjItNDJiZS04NjVmLTJiYjI4ZDVlZTQ0NSIsInVzZXIiOnsiaWQiOjUxLCJlbWFpbCI6ImRnX29wZXJhdG9yQGdtYWlsLmNvbSJ9fQ.Tq0LuTPACtZ2s16tQpt4_WWQSQOHCiKS41lKxsv1fDleHY0XSg1K6GW52lQXN-HCfAQxJLgIEQTjys3Fc1ODcg\";id|s:1:\"3\";username|s:8:\"operator\";email|s:18:\"operator@gmail.com\";roles|a:1:{i:0;O:8:\"stdClass\":2:{s:2:\"id\";s:2:\"14\";s:4:\"name\";s:8:\"Operator\";}}sup_id|s:2:\"12\";'),('50lftodnqfivim32ltvbnvpbm2p3tasp','::1',1613455806,'__ci_last_regenerate|i:1613455806;role_name|s:8:\"Operator\";auth_user|s:1:\"3\";auth_loggedin|b:1;lang|s:2:\"en\";role_id|s:2:\"14\";first_name|s:8:\"Operator\";last_name|s:0:\"\";token|s:348:\"eyJhbGciOiJIUzUxMiIsImtpZCI6Im1Bb2xxeUt0Z0NfbEYyYnZSdFdvQ1NZR3FiQ3ViTHUyZGwydlpoaFI3S1UifQ.eyJpc3MiOiJtb2JpbGUiLCJpYXQiOjE2MTM0NTIwOTYsImp0aSI6IjFjYzdhNDRiLWJjMjItNDJiZS04NjVmLTJiYjI4ZDVlZTQ0NSIsInVzZXIiOnsiaWQiOjUxLCJlbWFpbCI6ImRnX29wZXJhdG9yQGdtYWlsLmNvbSJ9fQ.Tq0LuTPACtZ2s16tQpt4_WWQSQOHCiKS41lKxsv1fDleHY0XSg1K6GW52lQXN-HCfAQxJLgIEQTjys3Fc1ODcg\";id|s:1:\"3\";username|s:8:\"operator\";email|s:18:\"operator@gmail.com\";roles|a:1:{i:0;O:8:\"stdClass\":2:{s:2:\"id\";s:2:\"14\";s:4:\"name\";s:8:\"Operator\";}}sup_id|s:2:\"12\";'),('50n58r2na1rj2ko845ilph4lq4vrpkvo','::1',1613632981,'__ci_last_regenerate|i:1613632981;auth_user|s:1:\"1\";auth_loggedin|b:1;lang|s:2:\"id\";role_id|s:1:\"1\";role_name|s:13:\"Administrator\";first_name|s:5:\"Admin\";last_name|s:0:\"\";token|s:341:\"eyJhbGciOiJIUzUxMiIsImtpZCI6Im1Bb2xxeUt0Z0NfbEYyYnZSdFdvQ1NZR3FiQ3ViTHUyZGwydlpoaFI3S1UifQ.eyJpc3MiOiJtb2JpbGUiLCJpYXQiOjE2MTM2MTgxOTMsImp0aSI6IjIwMzJiMThkLTk4NzgtNGRhZS1iOTQ0LTIyODIwMjA4NWViNiIsInVzZXIiOnsiaWQiOjEsImVtYWlsIjoiYWRtaW5AZXhhbXBsZS5jb20ifX0.XPet8gVmO17RsjqjRWxQTVx3kB5z51QUS6xEX05DbWIbuLEGuKU5Rz0RTCVdmi8r9nvhV9p0h7zWMHQEGge2hw\";sup_id|s:0:\"\";id|s:1:\"1\";username|s:5:\"admin\";email|s:15:\"admin@gmail.com\";roles|a:1:{i:0;O:8:\"stdClass\":2:{s:2:\"id\";s:1:\"1\";s:4:\"name\";s:13:\"Administrator\";}}'),('56b69sq3gfr94cqc8g5blpaq8382047f','::1',1613446114,'__ci_last_regenerate|i:1613446114;role_name|s:13:\"Administrator\";auth_user|s:1:\"1\";auth_loggedin|b:1;lang|s:2:\"id\";role_id|s:1:\"1\";first_name|s:5:\"Admin\";last_name|s:0:\"\";token|s:341:\"eyJhbGciOiJIUzUxMiIsImtpZCI6Im1Bb2xxeUt0Z0NfbEYyYnZSdFdvQ1NZR3FiQ3ViTHUyZGwydlpoaFI3S1UifQ.eyJpc3MiOiJtb2JpbGUiLCJpYXQiOjE2MTM0NDQxMzYsImp0aSI6ImQxODFjMjUzLTAyMTAtNGJhZS04NDk5LTA0ZDc1OWMwMDI2MCIsInVzZXIiOnsiaWQiOjEsImVtYWlsIjoiYWRtaW5AZXhhbXBsZS5jb20ifX0.Ha_qc9yE5G28oeK68XlHrO0EizkuVmi_yKmcbLwVnp_gBXHlAFBPpfMpOvnSur0rCoc4YPg4yCXZeIFC1v5nfA\";id|s:1:\"1\";username|s:5:\"admin\";email|s:15:\"admin@gmail.com\";roles|a:1:{i:0;O:8:\"stdClass\":2:{s:2:\"id\";s:1:\"1\";s:4:\"name\";s:13:\"Administrator\";}}'),('66gvg577ri9h9p069odd1akjt7707lvc','::1',1613553176,'__ci_last_regenerate|i:1613553176;auth_user|s:1:\"1\";auth_loggedin|b:1;lang|s:2:\"id\";role_id|s:1:\"1\";role_name|s:13:\"Administrator\";first_name|s:5:\"Admin\";last_name|s:0:\"\";token|s:341:\"eyJhbGciOiJIUzUxMiIsImtpZCI6Im1Bb2xxeUt0Z0NfbEYyYnZSdFdvQ1NZR3FiQ3ViTHUyZGwydlpoaFI3S1UifQ.eyJpc3MiOiJtb2JpbGUiLCJpYXQiOjE2MTM1NDk5NDgsImp0aSI6ImJjMTBjOWU4LTU5ODQtNDQ5My1iM2VjLTM0NzNiMjQ2MjQyOCIsInVzZXIiOnsiaWQiOjEsImVtYWlsIjoiYWRtaW5AZXhhbXBsZS5jb20ifX0.P3Q0DRp0BU4beFT1ijc4OjaYzoKv-KlxJ8O7HTGOYyrcJpUFu09tcea6zYeM5FqiakllTq1Rp7pJqOwe9_mmaQ\";sup_id|s:0:\"\";id|s:1:\"1\";username|s:5:\"admin\";email|s:15:\"admin@gmail.com\";roles|a:1:{i:0;O:8:\"stdClass\":2:{s:2:\"id\";s:1:\"1\";s:4:\"name\";s:13:\"Administrator\";}}'),('67pjr2ot3lr7vnjt853u7r876lf912hl','::1',1613552228,'__ci_last_regenerate|i:1613552228;auth_user|s:1:\"1\";auth_loggedin|b:1;lang|s:2:\"id\";role_id|s:1:\"1\";role_name|s:13:\"Administrator\";first_name|s:5:\"Admin\";last_name|s:0:\"\";token|s:341:\"eyJhbGciOiJIUzUxMiIsImtpZCI6Im1Bb2xxeUt0Z0NfbEYyYnZSdFdvQ1NZR3FiQ3ViTHUyZGwydlpoaFI3S1UifQ.eyJpc3MiOiJtb2JpbGUiLCJpYXQiOjE2MTM1NDk5NDgsImp0aSI6ImJjMTBjOWU4LTU5ODQtNDQ5My1iM2VjLTM0NzNiMjQ2MjQyOCIsInVzZXIiOnsiaWQiOjEsImVtYWlsIjoiYWRtaW5AZXhhbXBsZS5jb20ifX0.P3Q0DRp0BU4beFT1ijc4OjaYzoKv-KlxJ8O7HTGOYyrcJpUFu09tcea6zYeM5FqiakllTq1Rp7pJqOwe9_mmaQ\";sup_id|s:0:\"\";id|s:1:\"1\";username|s:5:\"admin\";email|s:15:\"admin@gmail.com\";roles|a:1:{i:0;O:8:\"stdClass\":2:{s:2:\"id\";s:1:\"1\";s:4:\"name\";s:13:\"Administrator\";}}'),('6lg92vt4ii73j6rvi3lvrs6ob2vop2a7','::1',1613562724,'__ci_last_regenerate|i:1613562724;auth_user|s:1:\"2\";auth_loggedin|b:1;lang|s:2:\"id\";role_id|s:2:\"15\";role_name|s:5:\"Owner\";first_name|s:5:\"Owner\";last_name|s:0:\"\";token|s:349:\"eyJhbGciOiJIUzUxMiIsImtpZCI6Im1Bb2xxeUt0Z0NfbEYyYnZSdFdvQ1NZR3FiQ3ViTHUyZGwydlpoaFI3S1UifQ.eyJpc3MiOiJtb2JpbGUiLCJpYXQiOjE2MTM1NjIzNjcsImp0aSI6ImU2ZjhlZWE1LTU3MzUtNGNjNy04NjA3LTM2MmY4NjMzMmMzOSIsInVzZXIiOnsiaWQiOjMsImVtYWlsIjoiZmlyaGF0aGlkYXlhdEBnbWFpbC5jb20ifX0.v9kBqe070_1sKH_XzFs3xdVh0iawjHMRgQuQV1ZX-zYW_HJ3iENwMg1tg44ZYpzJcc_N8Vy4D8t6Vpptw-mPmg\";sup_id|s:0:\"\";id|s:1:\"2\";username|s:5:\"owner\";email|s:15:\"owner@gmail.com\";roles|a:1:{i:0;O:8:\"stdClass\":2:{s:2:\"id\";s:2:\"15\";s:4:\"name\";s:5:\"Owner\";}}'),('6opg0vmt37a80p1qfc5uat26b50vb423','::1',1613567223,'__ci_last_regenerate|i:1613567223;auth_user|s:1:\"2\";auth_loggedin|b:1;lang|s:2:\"id\";role_id|s:2:\"15\";role_name|s:5:\"Owner\";first_name|s:5:\"Owner\";last_name|s:0:\"\";token|s:349:\"eyJhbGciOiJIUzUxMiIsImtpZCI6Im1Bb2xxeUt0Z0NfbEYyYnZSdFdvQ1NZR3FiQ3ViTHUyZGwydlpoaFI3S1UifQ.eyJpc3MiOiJtb2JpbGUiLCJpYXQiOjE2MTM1NjY4OTIsImp0aSI6ImQyMmNkZjM2LWRjZDYtNDdjZi05MTAxLWVlOGI2YzhkOTgxZiIsInVzZXIiOnsiaWQiOjMsImVtYWlsIjoiZmlyaGF0aGlkYXlhdEBnbWFpbC5jb20ifX0.e49aqVrzGert2SdbV9W8swOybDI11kfn5dSs9-lLUvJdE80ulIkt3mCYgOHKu8o35yVyHs1I0RWl4xcRfFZIig\";sup_id|s:0:\"\";id|s:1:\"2\";username|s:5:\"owner\";email|s:15:\"owner@gmail.com\";roles|a:1:{i:0;O:8:\"stdClass\":2:{s:2:\"id\";s:2:\"15\";s:4:\"name\";s:5:\"Owner\";}}'),('6qnt1fa8j611kosj4bhvvi6el6sarbj8','::1',1613564660,'__ci_last_regenerate|i:1613564660;auth_user|s:1:\"1\";auth_loggedin|b:1;lang|s:2:\"id\";role_id|s:1:\"1\";role_name|s:13:\"Administrator\";first_name|s:5:\"Admin\";last_name|s:0:\"\";token|s:341:\"eyJhbGciOiJIUzUxMiIsImtpZCI6Im1Bb2xxeUt0Z0NfbEYyYnZSdFdvQ1NZR3FiQ3ViTHUyZGwydlpoaFI3S1UifQ.eyJpc3MiOiJtb2JpbGUiLCJpYXQiOjE2MTM1NjExMjcsImp0aSI6IjM2ZTQzZGZlLWZkOTMtNGVmZC05NjBlLWZiOTFjYWFmMmMwNCIsInVzZXIiOnsiaWQiOjEsImVtYWlsIjoiYWRtaW5AZXhhbXBsZS5jb20ifX0.nQMnCccp7ULqWapTp_VUj7wYsFNYCSm2yquNQE8gE8PmZODk6Kc8aSjnmt4lfBCaURz8sHLBwiSlbDgy2yabQg\";sup_id|s:0:\"\";id|s:1:\"1\";username|s:5:\"admin\";email|s:15:\"admin@gmail.com\";roles|a:1:{i:0;O:8:\"stdClass\":2:{s:2:\"id\";s:1:\"1\";s:4:\"name\";s:13:\"Administrator\";}}'),('6uktio5gh860qv8i1bmbsccrglmamq3c','::1',1613473766,'__ci_last_regenerate|i:1613473766;role_name|s:13:\"Administrator\";auth_user|s:1:\"1\";auth_loggedin|b:1;lang|s:2:\"id\";role_id|s:1:\"1\";first_name|s:5:\"Admin\";last_name|s:0:\"\";token|s:341:\"eyJhbGciOiJIUzUxMiIsImtpZCI6Im1Bb2xxeUt0Z0NfbEYyYnZSdFdvQ1NZR3FiQ3ViTHUyZGwydlpoaFI3S1UifQ.eyJpc3MiOiJtb2JpbGUiLCJpYXQiOjE2MTM0NzI5NzMsImp0aSI6Ijk4MmE0MzY1LWMzODAtNGE3Zi04M2ZmLTM3OGQ1ZWQ0ZjY0OSIsInVzZXIiOnsiaWQiOjEsImVtYWlsIjoiYWRtaW5AZXhhbXBsZS5jb20ifX0.Aaoj0Uhgc_qYCG1M7eSP8HYz_H64PXaetObIkm0M_0isP5MxJ0oyH_lR1DL8a3_RzVU9xLt0UhMq122KmkXxIg\";id|s:1:\"1\";username|s:5:\"admin\";email|s:15:\"admin@gmail.com\";roles|a:1:{i:0;O:8:\"stdClass\":2:{s:2:\"id\";s:1:\"1\";s:4:\"name\";s:13:\"Administrator\";}}sup_id|s:0:\"\";'),('75smtpvrm9pv26ghg2o49mt308helofk','::1',1613561247,'__ci_last_regenerate|i:1613561227;auth_user|s:1:\"2\";auth_loggedin|b:1;lang|s:2:\"id\";role_id|s:1:\"2\";role_name|s:5:\"Owner\";first_name|s:5:\"Owner\";last_name|s:0:\"\";token|s:349:\"eyJhbGciOiJIUzUxMiIsImtpZCI6Im1Bb2xxeUt0Z0NfbEYyYnZSdFdvQ1NZR3FiQ3ViTHUyZGwydlpoaFI3S1UifQ.eyJpc3MiOiJtb2JpbGUiLCJpYXQiOjE2MTM1NjEyNDgsImp0aSI6IjJmNDIxMTUyLTRlZWEtNDczNi05Yjk2LTE4YWE5ZDEwNDUwYSIsInVzZXIiOnsiaWQiOjMsImVtYWlsIjoiZmlyaGF0aGlkYXlhdEBnbWFpbC5jb20ifX0.7bZrnHodcsiFoFvtFlnrGIbUEMpj_Gd4_2Tj99ZuPPX5-cTSpukrdPkHhDVZRnTHGHealMbUl-_REPeVxD076w\";sup_id|s:0:\"\";id|s:1:\"2\";username|s:5:\"owner\";email|s:15:\"owner@gmail.com\";roles|a:1:{i:0;O:8:\"stdClass\":2:{s:2:\"id\";s:1:\"2\";s:4:\"name\";s:5:\"Owner\";}}'),('77jc4uds29d1p5bsbmkgiqo5b39gcufi','::1',1613468584,'__ci_last_regenerate|i:1613468584;role_name|s:8:\"Operator\";auth_user|s:1:\"3\";auth_loggedin|b:1;lang|s:2:\"en\";role_id|s:2:\"14\";first_name|s:8:\"Operator\";last_name|s:0:\"\";token|s:348:\"eyJhbGciOiJIUzUxMiIsImtpZCI6Im1Bb2xxeUt0Z0NfbEYyYnZSdFdvQ1NZR3FiQ3ViTHUyZGwydlpoaFI3S1UifQ.eyJpc3MiOiJtb2JpbGUiLCJpYXQiOjE2MTM0NTcwODYsImp0aSI6ImVjYzNhYmFlLWI3MWMtNGQ2Mi05YTcyLWRjMmRlMzA5Y2JiZCIsInVzZXIiOnsiaWQiOjUxLCJlbWFpbCI6ImRnX29wZXJhdG9yQGdtYWlsLmNvbSJ9fQ.wisKK6l5VEDvoK28wEWthgyS4Nj3iX1t8gD-6HpO27mpyhDF9Bd-8bF5umfWptgzGUbBDw8U9wea6u6lF6JeCg\";id|s:1:\"3\";username|s:8:\"operator\";email|s:18:\"operator@gmail.com\";roles|a:1:{i:0;O:8:\"stdClass\":2:{s:2:\"id\";s:2:\"14\";s:4:\"name\";s:8:\"Operator\";}}sup_id|s:2:\"12\";'),('7j1jm4n2qgpbp7a2ngjiinqs4hnuceib','::1',1613634419,'__ci_last_regenerate|i:1613634419;auth_user|s:1:\"2\";auth_loggedin|b:1;lang|s:2:\"id\";role_id|s:2:\"15\";role_name|s:5:\"Owner\";first_name|s:5:\"Owner\";last_name|s:0:\"\";token|s:349:\"eyJhbGciOiJIUzUxMiIsImtpZCI6Im1Bb2xxeUt0Z0NfbEYyYnZSdFdvQ1NZR3FiQ3ViTHUyZGwydlpoaFI3S1UifQ.eyJpc3MiOiJtb2JpbGUiLCJpYXQiOjE2MTM2MzMxMDYsImp0aSI6IjE5NTZmNjFiLTc5NTgtNGQzNC1iNGExLTFiOGNlNzlmMmQ1NiIsInVzZXIiOnsiaWQiOjMsImVtYWlsIjoiZmlyaGF0aGlkYXlhdEBnbWFpbC5jb20ifX0.8zUM_BjyHGnfPCwUHijJIy6ayF9u6m9LNjZZNXrVpN_KawPYufxB-K7lF6gjh2T7w-hJAwcz1URcZNBz4EWPWw\";sup_id|s:0:\"\";id|s:1:\"2\";username|s:5:\"owner\";email|s:15:\"owner@gmail.com\";roles|a:1:{i:0;O:8:\"stdClass\":2:{s:2:\"id\";s:2:\"15\";s:4:\"name\";s:5:\"Owner\";}}'),('7napkm51i810r0l2sosgb3cf9vq7sekc','::1',1613551127,'__ci_last_regenerate|i:1613551127;auth_user|s:1:\"1\";auth_loggedin|b:1;lang|s:2:\"id\";role_id|s:1:\"1\";role_name|s:13:\"Administrator\";first_name|s:5:\"Admin\";last_name|s:0:\"\";token|s:341:\"eyJhbGciOiJIUzUxMiIsImtpZCI6Im1Bb2xxeUt0Z0NfbEYyYnZSdFdvQ1NZR3FiQ3ViTHUyZGwydlpoaFI3S1UifQ.eyJpc3MiOiJtb2JpbGUiLCJpYXQiOjE2MTM1NDk5NDgsImp0aSI6ImJjMTBjOWU4LTU5ODQtNDQ5My1iM2VjLTM0NzNiMjQ2MjQyOCIsInVzZXIiOnsiaWQiOjEsImVtYWlsIjoiYWRtaW5AZXhhbXBsZS5jb20ifX0.P3Q0DRp0BU4beFT1ijc4OjaYzoKv-KlxJ8O7HTGOYyrcJpUFu09tcea6zYeM5FqiakllTq1Rp7pJqOwe9_mmaQ\";sup_id|s:0:\"\";id|s:1:\"1\";username|s:5:\"admin\";email|s:15:\"admin@gmail.com\";roles|a:1:{i:0;O:8:\"stdClass\":2:{s:2:\"id\";s:1:\"1\";s:4:\"name\";s:13:\"Administrator\";}}'),('8ah0vs7jfaet2s6i613904frkt4nr1jn','::1',1613634769,'__ci_last_regenerate|i:1613634769;auth_user|s:1:\"1\";auth_loggedin|b:1;lang|s:2:\"id\";role_id|s:1:\"1\";role_name|s:13:\"Administrator\";first_name|s:5:\"Admin\";last_name|s:0:\"\";token|s:341:\"eyJhbGciOiJIUzUxMiIsImtpZCI6Im1Bb2xxeUt0Z0NfbEYyYnZSdFdvQ1NZR3FiQ3ViTHUyZGwydlpoaFI3S1UifQ.eyJpc3MiOiJtb2JpbGUiLCJpYXQiOjE2MTM2MTgxOTMsImp0aSI6IjIwMzJiMThkLTk4NzgtNGRhZS1iOTQ0LTIyODIwMjA4NWViNiIsInVzZXIiOnsiaWQiOjEsImVtYWlsIjoiYWRtaW5AZXhhbXBsZS5jb20ifX0.XPet8gVmO17RsjqjRWxQTVx3kB5z51QUS6xEX05DbWIbuLEGuKU5Rz0RTCVdmi8r9nvhV9p0h7zWMHQEGge2hw\";sup_id|s:0:\"\";id|s:1:\"1\";username|s:5:\"admin\";email|s:15:\"admin@gmail.com\";roles|a:1:{i:0;O:8:\"stdClass\":2:{s:2:\"id\";s:1:\"1\";s:4:\"name\";s:13:\"Administrator\";}}'),('8dn492mb0j5nhl9t0hvsk82rt0khbpll','::1',1613634799,'__ci_last_regenerate|i:1613634769;auth_user|s:1:\"1\";auth_loggedin|b:1;lang|s:2:\"id\";role_id|s:1:\"1\";role_name|s:13:\"Administrator\";first_name|s:5:\"Admin\";last_name|s:0:\"\";token|s:341:\"eyJhbGciOiJIUzUxMiIsImtpZCI6Im1Bb2xxeUt0Z0NfbEYyYnZSdFdvQ1NZR3FiQ3ViTHUyZGwydlpoaFI3S1UifQ.eyJpc3MiOiJtb2JpbGUiLCJpYXQiOjE2MTM2MTgxOTMsImp0aSI6IjIwMzJiMThkLTk4NzgtNGRhZS1iOTQ0LTIyODIwMjA4NWViNiIsInVzZXIiOnsiaWQiOjEsImVtYWlsIjoiYWRtaW5AZXhhbXBsZS5jb20ifX0.XPet8gVmO17RsjqjRWxQTVx3kB5z51QUS6xEX05DbWIbuLEGuKU5Rz0RTCVdmi8r9nvhV9p0h7zWMHQEGge2hw\";sup_id|s:0:\"\";id|s:1:\"1\";username|s:5:\"admin\";email|s:15:\"admin@gmail.com\";roles|a:1:{i:0;O:8:\"stdClass\":2:{s:2:\"id\";s:1:\"1\";s:4:\"name\";s:13:\"Administrator\";}}'),('8ni3gjtiab6hfa5ehhgu6c1a51gcj23f','::1',1613567397,'__ci_last_regenerate|i:1613567397;auth_user|s:1:\"1\";auth_loggedin|b:1;lang|s:2:\"id\";role_id|s:1:\"1\";role_name|s:13:\"Administrator\";first_name|s:5:\"Admin\";last_name|s:0:\"\";token|s:341:\"eyJhbGciOiJIUzUxMiIsImtpZCI6Im1Bb2xxeUt0Z0NfbEYyYnZSdFdvQ1NZR3FiQ3ViTHUyZGwydlpoaFI3S1UifQ.eyJpc3MiOiJtb2JpbGUiLCJpYXQiOjE2MTM1NjQ5NDEsImp0aSI6Ijk2ZjViNjk3LWMxOGQtNGI5ZS05YjhjLTMxZDYxNDdkMDdjNCIsInVzZXIiOnsiaWQiOjEsImVtYWlsIjoiYWRtaW5AZXhhbXBsZS5jb20ifX0.sBImY906ONhWeAg7otNgxWUDjiafQdsPwJt3Q5JlF8yxeTlIuVki1LKXQbPIqOpgw6rwZDDRAEMrNNoA01TBGw\";sup_id|s:0:\"\";id|s:1:\"1\";username|s:5:\"admin\";email|s:15:\"admin@gmail.com\";roles|a:1:{i:0;O:8:\"stdClass\":2:{s:2:\"id\";s:1:\"1\";s:4:\"name\";s:13:\"Administrator\";}}success|s:20:\"Rule telah diupdate.\";__ci_vars|a:1:{s:7:\"success\";s:3:\"old\";}'),('967vnres7450f3uptqbk8ri8q92jl9na','::1',1613551892,'__ci_last_regenerate|i:1613551892;auth_user|s:1:\"1\";auth_loggedin|b:1;lang|s:2:\"id\";role_id|s:1:\"1\";role_name|s:13:\"Administrator\";first_name|s:5:\"Admin\";last_name|s:0:\"\";token|s:341:\"eyJhbGciOiJIUzUxMiIsImtpZCI6Im1Bb2xxeUt0Z0NfbEYyYnZSdFdvQ1NZR3FiQ3ViTHUyZGwydlpoaFI3S1UifQ.eyJpc3MiOiJtb2JpbGUiLCJpYXQiOjE2MTM1NDk5NDgsImp0aSI6ImJjMTBjOWU4LTU5ODQtNDQ5My1iM2VjLTM0NzNiMjQ2MjQyOCIsInVzZXIiOnsiaWQiOjEsImVtYWlsIjoiYWRtaW5AZXhhbXBsZS5jb20ifX0.P3Q0DRp0BU4beFT1ijc4OjaYzoKv-KlxJ8O7HTGOYyrcJpUFu09tcea6zYeM5FqiakllTq1Rp7pJqOwe9_mmaQ\";sup_id|s:0:\"\";id|s:1:\"1\";username|s:5:\"admin\";email|s:15:\"admin@gmail.com\";roles|a:1:{i:0;O:8:\"stdClass\":2:{s:2:\"id\";s:1:\"1\";s:4:\"name\";s:13:\"Administrator\";}}'),('9hdppts6uaupnj8asrsrn23s5cdn1iod','::1',1613450746,'__ci_last_regenerate|i:1613450746;role_name|s:5:\"Guest\";'),('9l18f4lr1ds2iagout55ecfb98dulh0i','::1',1613458007,'__ci_last_regenerate|i:1613458007;role_name|s:8:\"Operator\";auth_user|s:1:\"3\";auth_loggedin|b:1;lang|s:2:\"en\";role_id|s:2:\"14\";first_name|s:8:\"Operator\";last_name|s:0:\"\";token|s:348:\"eyJhbGciOiJIUzUxMiIsImtpZCI6Im1Bb2xxeUt0Z0NfbEYyYnZSdFdvQ1NZR3FiQ3ViTHUyZGwydlpoaFI3S1UifQ.eyJpc3MiOiJtb2JpbGUiLCJpYXQiOjE2MTM0NTcwODYsImp0aSI6ImVjYzNhYmFlLWI3MWMtNGQ2Mi05YTcyLWRjMmRlMzA5Y2JiZCIsInVzZXIiOnsiaWQiOjUxLCJlbWFpbCI6ImRnX29wZXJhdG9yQGdtYWlsLmNvbSJ9fQ.wisKK6l5VEDvoK28wEWthgyS4Nj3iX1t8gD-6HpO27mpyhDF9Bd-8bF5umfWptgzGUbBDw8U9wea6u6lF6JeCg\";id|s:1:\"3\";username|s:8:\"operator\";email|s:18:\"operator@gmail.com\";roles|a:1:{i:0;O:8:\"stdClass\":2:{s:2:\"id\";s:2:\"14\";s:4:\"name\";s:8:\"Operator\";}}sup_id|s:2:\"12\";'),('9s1s6vf5dgr20duvs8blrsbj53ui11o5','::1',1613466893,'__ci_last_regenerate|i:1613466893;role_name|s:8:\"Operator\";auth_user|s:1:\"3\";auth_loggedin|b:1;lang|s:2:\"en\";role_id|s:2:\"14\";first_name|s:8:\"Operator\";last_name|s:0:\"\";token|s:348:\"eyJhbGciOiJIUzUxMiIsImtpZCI6Im1Bb2xxeUt0Z0NfbEYyYnZSdFdvQ1NZR3FiQ3ViTHUyZGwydlpoaFI3S1UifQ.eyJpc3MiOiJtb2JpbGUiLCJpYXQiOjE2MTM0NTcwODYsImp0aSI6ImVjYzNhYmFlLWI3MWMtNGQ2Mi05YTcyLWRjMmRlMzA5Y2JiZCIsInVzZXIiOnsiaWQiOjUxLCJlbWFpbCI6ImRnX29wZXJhdG9yQGdtYWlsLmNvbSJ9fQ.wisKK6l5VEDvoK28wEWthgyS4Nj3iX1t8gD-6HpO27mpyhDF9Bd-8bF5umfWptgzGUbBDw8U9wea6u6lF6JeCg\";id|s:1:\"3\";username|s:8:\"operator\";email|s:18:\"operator@gmail.com\";roles|a:1:{i:0;O:8:\"stdClass\":2:{s:2:\"id\";s:2:\"14\";s:4:\"name\";s:8:\"Operator\";}}sup_id|s:2:\"12\";'),('9s3t82kbpjjgkseh62qtad3ih0a3qs77','::1',1613445482,'__ci_last_regenerate|i:1613445482;role_name|s:13:\"Administrator\";auth_user|s:1:\"1\";auth_loggedin|b:1;lang|s:2:\"id\";role_id|s:1:\"1\";first_name|s:5:\"Admin\";last_name|s:0:\"\";token|s:341:\"eyJhbGciOiJIUzUxMiIsImtpZCI6Im1Bb2xxeUt0Z0NfbEYyYnZSdFdvQ1NZR3FiQ3ViTHUyZGwydlpoaFI3S1UifQ.eyJpc3MiOiJtb2JpbGUiLCJpYXQiOjE2MTM0NDQxMzYsImp0aSI6ImQxODFjMjUzLTAyMTAtNGJhZS04NDk5LTA0ZDc1OWMwMDI2MCIsInVzZXIiOnsiaWQiOjEsImVtYWlsIjoiYWRtaW5AZXhhbXBsZS5jb20ifX0.Ha_qc9yE5G28oeK68XlHrO0EizkuVmi_yKmcbLwVnp_gBXHlAFBPpfMpOvnSur0rCoc4YPg4yCXZeIFC1v5nfA\";id|s:1:\"1\";username|s:5:\"admin\";email|s:15:\"admin@gmail.com\";roles|a:1:{i:0;O:8:\"stdClass\":2:{s:2:\"id\";s:1:\"1\";s:4:\"name\";s:13:\"Administrator\";}}'),('9vn9ftgfuj76ogbanb5b9ipqgng2m32t','::1',1613550456,'__ci_last_regenerate|i:1613550456;auth_user|s:1:\"1\";auth_loggedin|b:1;lang|s:2:\"id\";role_id|s:1:\"1\";role_name|s:13:\"Administrator\";first_name|s:5:\"Admin\";last_name|s:0:\"\";token|s:341:\"eyJhbGciOiJIUzUxMiIsImtpZCI6Im1Bb2xxeUt0Z0NfbEYyYnZSdFdvQ1NZR3FiQ3ViTHUyZGwydlpoaFI3S1UifQ.eyJpc3MiOiJtb2JpbGUiLCJpYXQiOjE2MTM1NDk5NDgsImp0aSI6ImJjMTBjOWU4LTU5ODQtNDQ5My1iM2VjLTM0NzNiMjQ2MjQyOCIsInVzZXIiOnsiaWQiOjEsImVtYWlsIjoiYWRtaW5AZXhhbXBsZS5jb20ifX0.P3Q0DRp0BU4beFT1ijc4OjaYzoKv-KlxJ8O7HTGOYyrcJpUFu09tcea6zYeM5FqiakllTq1Rp7pJqOwe9_mmaQ\";sup_id|s:0:\"\";id|s:1:\"1\";username|s:5:\"admin\";email|s:15:\"admin@gmail.com\";roles|a:1:{i:0;O:8:\"stdClass\":2:{s:2:\"id\";s:1:\"1\";s:4:\"name\";s:13:\"Administrator\";}}'),('a002eipl9sm9nqeocvue2qv6uabvps3f','::1',1613561711,'__ci_last_regenerate|i:1613561711;auth_user|s:1:\"1\";auth_loggedin|b:1;lang|s:2:\"id\";role_id|s:1:\"1\";role_name|s:13:\"Administrator\";first_name|s:5:\"Admin\";last_name|s:0:\"\";token|s:341:\"eyJhbGciOiJIUzUxMiIsImtpZCI6Im1Bb2xxeUt0Z0NfbEYyYnZSdFdvQ1NZR3FiQ3ViTHUyZGwydlpoaFI3S1UifQ.eyJpc3MiOiJtb2JpbGUiLCJpYXQiOjE2MTM1NjExMjcsImp0aSI6IjM2ZTQzZGZlLWZkOTMtNGVmZC05NjBlLWZiOTFjYWFmMmMwNCIsInVzZXIiOnsiaWQiOjEsImVtYWlsIjoiYWRtaW5AZXhhbXBsZS5jb20ifX0.nQMnCccp7ULqWapTp_VUj7wYsFNYCSm2yquNQE8gE8PmZODk6Kc8aSjnmt4lfBCaURz8sHLBwiSlbDgy2yabQg\";sup_id|s:0:\"\";id|s:1:\"1\";username|s:5:\"admin\";email|s:15:\"admin@gmail.com\";roles|a:1:{i:0;O:8:\"stdClass\":2:{s:2:\"id\";s:1:\"1\";s:4:\"name\";s:13:\"Administrator\";}}'),('a0dq03oag4ujbiucvthgcpdkisn4rgbd','::1',1613554139,'__ci_last_regenerate|i:1613554139;auth_user|s:1:\"1\";auth_loggedin|b:1;lang|s:2:\"id\";role_id|s:1:\"1\";role_name|s:13:\"Administrator\";first_name|s:5:\"Admin\";last_name|s:0:\"\";token|s:341:\"eyJhbGciOiJIUzUxMiIsImtpZCI6Im1Bb2xxeUt0Z0NfbEYyYnZSdFdvQ1NZR3FiQ3ViTHUyZGwydlpoaFI3S1UifQ.eyJpc3MiOiJtb2JpbGUiLCJpYXQiOjE2MTM1NDk5NDgsImp0aSI6ImJjMTBjOWU4LTU5ODQtNDQ5My1iM2VjLTM0NzNiMjQ2MjQyOCIsInVzZXIiOnsiaWQiOjEsImVtYWlsIjoiYWRtaW5AZXhhbXBsZS5jb20ifX0.P3Q0DRp0BU4beFT1ijc4OjaYzoKv-KlxJ8O7HTGOYyrcJpUFu09tcea6zYeM5FqiakllTq1Rp7pJqOwe9_mmaQ\";sup_id|s:0:\"\";id|s:1:\"1\";username|s:5:\"admin\";email|s:15:\"admin@gmail.com\";roles|a:1:{i:0;O:8:\"stdClass\":2:{s:2:\"id\";s:1:\"1\";s:4:\"name\";s:13:\"Administrator\";}}'),('a2trccgpv8cukc6gcu4u6p3socisiro3','::1',1613624540,'__ci_last_regenerate|i:1613624540;auth_user|s:1:\"1\";auth_loggedin|b:1;lang|s:2:\"id\";role_id|s:1:\"1\";role_name|s:13:\"Administrator\";first_name|s:5:\"Admin\";last_name|s:0:\"\";token|s:341:\"eyJhbGciOiJIUzUxMiIsImtpZCI6Im1Bb2xxeUt0Z0NfbEYyYnZSdFdvQ1NZR3FiQ3ViTHUyZGwydlpoaFI3S1UifQ.eyJpc3MiOiJtb2JpbGUiLCJpYXQiOjE2MTM2MTgxOTMsImp0aSI6IjIwMzJiMThkLTk4NzgtNGRhZS1iOTQ0LTIyODIwMjA4NWViNiIsInVzZXIiOnsiaWQiOjEsImVtYWlsIjoiYWRtaW5AZXhhbXBsZS5jb20ifX0.XPet8gVmO17RsjqjRWxQTVx3kB5z51QUS6xEX05DbWIbuLEGuKU5Rz0RTCVdmi8r9nvhV9p0h7zWMHQEGge2hw\";sup_id|s:0:\"\";id|s:1:\"1\";username|s:5:\"admin\";email|s:15:\"admin@gmail.com\";roles|a:1:{i:0;O:8:\"stdClass\":2:{s:2:\"id\";s:1:\"1\";s:4:\"name\";s:13:\"Administrator\";}}'),('abgd4siunkfiakpmch56vj7b56cho2sv','::1',1613626664,'__ci_last_regenerate|i:1613626664;auth_user|s:1:\"1\";auth_loggedin|b:1;lang|s:2:\"id\";role_id|s:1:\"1\";role_name|s:13:\"Administrator\";first_name|s:5:\"Admin\";last_name|s:0:\"\";token|s:341:\"eyJhbGciOiJIUzUxMiIsImtpZCI6Im1Bb2xxeUt0Z0NfbEYyYnZSdFdvQ1NZR3FiQ3ViTHUyZGwydlpoaFI3S1UifQ.eyJpc3MiOiJtb2JpbGUiLCJpYXQiOjE2MTM2MTgxOTMsImp0aSI6IjIwMzJiMThkLTk4NzgtNGRhZS1iOTQ0LTIyODIwMjA4NWViNiIsInVzZXIiOnsiaWQiOjEsImVtYWlsIjoiYWRtaW5AZXhhbXBsZS5jb20ifX0.XPet8gVmO17RsjqjRWxQTVx3kB5z51QUS6xEX05DbWIbuLEGuKU5Rz0RTCVdmi8r9nvhV9p0h7zWMHQEGge2hw\";sup_id|s:0:\"\";id|s:1:\"1\";username|s:5:\"admin\";email|s:15:\"admin@gmail.com\";roles|a:1:{i:0;O:8:\"stdClass\":2:{s:2:\"id\";s:1:\"1\";s:4:\"name\";s:13:\"Administrator\";}}'),('adaa7d9ip988qcrqf4q9imlgvalfeuse','::1',1613474593,'__ci_last_regenerate|i:1613474593;role_name|s:13:\"Administrator\";auth_user|s:1:\"1\";auth_loggedin|b:1;lang|s:2:\"id\";role_id|s:1:\"1\";first_name|s:5:\"Admin\";last_name|s:0:\"\";token|s:341:\"eyJhbGciOiJIUzUxMiIsImtpZCI6Im1Bb2xxeUt0Z0NfbEYyYnZSdFdvQ1NZR3FiQ3ViTHUyZGwydlpoaFI3S1UifQ.eyJpc3MiOiJtb2JpbGUiLCJpYXQiOjE2MTM0NzI5NzMsImp0aSI6Ijk4MmE0MzY1LWMzODAtNGE3Zi04M2ZmLTM3OGQ1ZWQ0ZjY0OSIsInVzZXIiOnsiaWQiOjEsImVtYWlsIjoiYWRtaW5AZXhhbXBsZS5jb20ifX0.Aaoj0Uhgc_qYCG1M7eSP8HYz_H64PXaetObIkm0M_0isP5MxJ0oyH_lR1DL8a3_RzVU9xLt0UhMq122KmkXxIg\";id|s:1:\"1\";username|s:5:\"admin\";email|s:15:\"admin@gmail.com\";roles|a:1:{i:0;O:8:\"stdClass\":2:{s:2:\"id\";s:1:\"1\";s:4:\"name\";s:13:\"Administrator\";}}sup_id|s:0:\"\";'),('alr90qd1a3n3c0b3c9kdvufte58k1358','::1',1613455500,'__ci_last_regenerate|i:1613455500;role_name|s:8:\"Operator\";auth_user|s:1:\"3\";auth_loggedin|b:1;lang|s:2:\"en\";role_id|s:2:\"14\";first_name|s:8:\"Operator\";last_name|s:0:\"\";token|s:348:\"eyJhbGciOiJIUzUxMiIsImtpZCI6Im1Bb2xxeUt0Z0NfbEYyYnZSdFdvQ1NZR3FiQ3ViTHUyZGwydlpoaFI3S1UifQ.eyJpc3MiOiJtb2JpbGUiLCJpYXQiOjE2MTM0NTIwOTYsImp0aSI6IjFjYzdhNDRiLWJjMjItNDJiZS04NjVmLTJiYjI4ZDVlZTQ0NSIsInVzZXIiOnsiaWQiOjUxLCJlbWFpbCI6ImRnX29wZXJhdG9yQGdtYWlsLmNvbSJ9fQ.Tq0LuTPACtZ2s16tQpt4_WWQSQOHCiKS41lKxsv1fDleHY0XSg1K6GW52lQXN-HCfAQxJLgIEQTjys3Fc1ODcg\";id|s:1:\"3\";username|s:8:\"operator\";email|s:18:\"operator@gmail.com\";roles|a:1:{i:0;O:8:\"stdClass\":2:{s:2:\"id\";s:2:\"14\";s:4:\"name\";s:8:\"Operator\";}}sup_id|s:2:\"12\";'),('b9dk2nbddao4aumjn59gorfsgj54mesq','::1',1613566449,'__ci_last_regenerate|i:1613566449;auth_user|s:1:\"1\";auth_loggedin|b:1;lang|s:2:\"id\";role_id|s:1:\"1\";role_name|s:13:\"Administrator\";first_name|s:5:\"Admin\";last_name|s:0:\"\";token|s:341:\"eyJhbGciOiJIUzUxMiIsImtpZCI6Im1Bb2xxeUt0Z0NfbEYyYnZSdFdvQ1NZR3FiQ3ViTHUyZGwydlpoaFI3S1UifQ.eyJpc3MiOiJtb2JpbGUiLCJpYXQiOjE2MTM1NjQ5NDEsImp0aSI6Ijk2ZjViNjk3LWMxOGQtNGI5ZS05YjhjLTMxZDYxNDdkMDdjNCIsInVzZXIiOnsiaWQiOjEsImVtYWlsIjoiYWRtaW5AZXhhbXBsZS5jb20ifX0.sBImY906ONhWeAg7otNgxWUDjiafQdsPwJt3Q5JlF8yxeTlIuVki1LKXQbPIqOpgw6rwZDDRAEMrNNoA01TBGw\";sup_id|s:0:\"\";id|s:1:\"1\";username|s:5:\"admin\";email|s:15:\"admin@gmail.com\";roles|a:1:{i:0;O:8:\"stdClass\":2:{s:2:\"id\";s:1:\"1\";s:4:\"name\";s:13:\"Administrator\";}}'),('b9nsqhtum4rssuaaltlphh1o4r4felc7','::1',1613456147,'__ci_last_regenerate|i:1613456147;role_name|s:8:\"Operator\";auth_user|s:1:\"3\";auth_loggedin|b:1;lang|s:2:\"en\";role_id|s:2:\"14\";first_name|s:8:\"Operator\";last_name|s:0:\"\";token|s:348:\"eyJhbGciOiJIUzUxMiIsImtpZCI6Im1Bb2xxeUt0Z0NfbEYyYnZSdFdvQ1NZR3FiQ3ViTHUyZGwydlpoaFI3S1UifQ.eyJpc3MiOiJtb2JpbGUiLCJpYXQiOjE2MTM0NTIwOTYsImp0aSI6IjFjYzdhNDRiLWJjMjItNDJiZS04NjVmLTJiYjI4ZDVlZTQ0NSIsInVzZXIiOnsiaWQiOjUxLCJlbWFpbCI6ImRnX29wZXJhdG9yQGdtYWlsLmNvbSJ9fQ.Tq0LuTPACtZ2s16tQpt4_WWQSQOHCiKS41lKxsv1fDleHY0XSg1K6GW52lQXN-HCfAQxJLgIEQTjys3Fc1ODcg\";id|s:1:\"3\";username|s:8:\"operator\";email|s:18:\"operator@gmail.com\";roles|a:1:{i:0;O:8:\"stdClass\":2:{s:2:\"id\";s:2:\"14\";s:4:\"name\";s:8:\"Operator\";}}sup_id|s:2:\"12\";'),('bae7g9vcvp7p23fdibhf94njl6je5pah','::1',1613472610,'__ci_last_regenerate|i:1613472610;role_name|s:13:\"Administrator\";auth_user|s:1:\"1\";auth_loggedin|b:1;lang|s:2:\"id\";role_id|s:1:\"1\";first_name|s:5:\"Admin\";last_name|s:0:\"\";token|s:341:\"eyJhbGciOiJIUzUxMiIsImtpZCI6Im1Bb2xxeUt0Z0NfbEYyYnZSdFdvQ1NZR3FiQ3ViTHUyZGwydlpoaFI3S1UifQ.eyJpc3MiOiJtb2JpbGUiLCJpYXQiOjE2MTM0NzIzMDQsImp0aSI6ImY3MTE0ODgzLWNkZWUtNGZlOC1hNWVmLWYzODhkYTczOTRhZiIsInVzZXIiOnsiaWQiOjEsImVtYWlsIjoiYWRtaW5AZXhhbXBsZS5jb20ifX0.fwo8uDtwqydVH3PaBT8CNZblYW6xa6mHRFCBnTiWc2w6NM15wSMl6ZDpm0RpnY8hKYC8o1GQpayDiGwLQZXSfw\";id|s:1:\"1\";username|s:5:\"admin\";email|s:15:\"admin@gmail.com\";roles|a:1:{i:0;O:8:\"stdClass\":2:{s:2:\"id\";s:1:\"1\";s:4:\"name\";s:13:\"Administrator\";}}sup_id|s:0:\"\";'),('bmqcu4ujv2iv7p8f5ourkbg66k6hogeh','::1',1613449892,'__ci_last_regenerate|i:1613449892;role_name|s:13:\"Administrator\";auth_user|s:1:\"1\";auth_loggedin|b:1;lang|s:2:\"id\";role_id|s:1:\"1\";first_name|s:5:\"Admin\";last_name|s:0:\"\";token|s:341:\"eyJhbGciOiJIUzUxMiIsImtpZCI6Im1Bb2xxeUt0Z0NfbEYyYnZSdFdvQ1NZR3FiQ3ViTHUyZGwydlpoaFI3S1UifQ.eyJpc3MiOiJtb2JpbGUiLCJpYXQiOjE2MTM0NDQxMzYsImp0aSI6ImQxODFjMjUzLTAyMTAtNGJhZS04NDk5LTA0ZDc1OWMwMDI2MCIsInVzZXIiOnsiaWQiOjEsImVtYWlsIjoiYWRtaW5AZXhhbXBsZS5jb20ifX0.Ha_qc9yE5G28oeK68XlHrO0EizkuVmi_yKmcbLwVnp_gBXHlAFBPpfMpOvnSur0rCoc4YPg4yCXZeIFC1v5nfA\";id|s:1:\"1\";username|s:5:\"admin\";email|s:15:\"admin@gmail.com\";roles|a:1:{i:0;O:8:\"stdClass\":2:{s:2:\"id\";s:1:\"1\";s:4:\"name\";s:13:\"Administrator\";}}'),('brllhup7fogfj4gumrf7mcsuuhf71emr','::1',1613449892,'__ci_last_regenerate|i:1613449891;role_name|s:5:\"Guest\";'),('bsbisqlm1d6k5ijf6rla6elrpvu2nail','::1',1613475445,'__ci_last_regenerate|i:1613475445;role_name|s:13:\"Administrator\";auth_user|s:1:\"1\";auth_loggedin|b:1;lang|s:2:\"id\";role_id|s:1:\"1\";first_name|s:5:\"Admin\";last_name|s:0:\"\";token|s:341:\"eyJhbGciOiJIUzUxMiIsImtpZCI6Im1Bb2xxeUt0Z0NfbEYyYnZSdFdvQ1NZR3FiQ3ViTHUyZGwydlpoaFI3S1UifQ.eyJpc3MiOiJtb2JpbGUiLCJpYXQiOjE2MTM0NzQ4MDgsImp0aSI6IjUwMDQwMWI0LWY3M2MtNDJhOC04MmFmLWY2ODcyNWIwN2EzMCIsInVzZXIiOnsiaWQiOjEsImVtYWlsIjoiYWRtaW5AZXhhbXBsZS5jb20ifX0.aVPqy8wcHcsZ4xkMjsB7yi8jlvzCc4tXjSlQ11p_adRR3I2BiCp_L6wYJMp1Y8ce21JolA2NylYnkXBYI6W9kw\";id|s:1:\"1\";username|s:5:\"admin\";email|s:15:\"admin@gmail.com\";roles|a:1:{i:0;O:8:\"stdClass\":2:{s:2:\"id\";s:1:\"1\";s:4:\"name\";s:13:\"Administrator\";}}sup_id|s:0:\"\";'),('c3mbda51a3kiq0b55ha8mbvd5qt3ng45','::1',1613454884,'__ci_last_regenerate|i:1613454884;role_name|s:8:\"Operator\";auth_user|s:1:\"3\";auth_loggedin|b:1;lang|s:2:\"en\";role_id|s:2:\"14\";first_name|s:8:\"Operator\";last_name|s:0:\"\";token|s:348:\"eyJhbGciOiJIUzUxMiIsImtpZCI6Im1Bb2xxeUt0Z0NfbEYyYnZSdFdvQ1NZR3FiQ3ViTHUyZGwydlpoaFI3S1UifQ.eyJpc3MiOiJtb2JpbGUiLCJpYXQiOjE2MTM0NTIwOTYsImp0aSI6IjFjYzdhNDRiLWJjMjItNDJiZS04NjVmLTJiYjI4ZDVlZTQ0NSIsInVzZXIiOnsiaWQiOjUxLCJlbWFpbCI6ImRnX29wZXJhdG9yQGdtYWlsLmNvbSJ9fQ.Tq0LuTPACtZ2s16tQpt4_WWQSQOHCiKS41lKxsv1fDleHY0XSg1K6GW52lQXN-HCfAQxJLgIEQTjys3Fc1ODcg\";id|s:1:\"3\";username|s:8:\"operator\";email|s:18:\"operator@gmail.com\";roles|a:1:{i:0;O:8:\"stdClass\":2:{s:2:\"id\";s:2:\"14\";s:4:\"name\";s:8:\"Operator\";}}sup_id|s:2:\"12\";'),('chmnbofpduq8bld34ojss8171o4ms5lt','::1',1613449323,'__ci_last_regenerate|i:1613449323;role_name|s:13:\"Administrator\";auth_user|s:1:\"1\";auth_loggedin|b:1;lang|s:2:\"id\";role_id|s:1:\"1\";first_name|s:5:\"Admin\";last_name|s:0:\"\";token|s:341:\"eyJhbGciOiJIUzUxMiIsImtpZCI6Im1Bb2xxeUt0Z0NfbEYyYnZSdFdvQ1NZR3FiQ3ViTHUyZGwydlpoaFI3S1UifQ.eyJpc3MiOiJtb2JpbGUiLCJpYXQiOjE2MTM0NDQxMzYsImp0aSI6ImQxODFjMjUzLTAyMTAtNGJhZS04NDk5LTA0ZDc1OWMwMDI2MCIsInVzZXIiOnsiaWQiOjEsImVtYWlsIjoiYWRtaW5AZXhhbXBsZS5jb20ifX0.Ha_qc9yE5G28oeK68XlHrO0EizkuVmi_yKmcbLwVnp_gBXHlAFBPpfMpOvnSur0rCoc4YPg4yCXZeIFC1v5nfA\";id|s:1:\"1\";username|s:5:\"admin\";email|s:15:\"admin@gmail.com\";roles|a:1:{i:0;O:8:\"stdClass\":2:{s:2:\"id\";s:1:\"1\";s:4:\"name\";s:13:\"Administrator\";}}'),('d65novapovqo98bd74363vmkr0rd1m25','::1',1613451472,'__ci_last_regenerate|i:1613451472;auth_user|s:1:\"1\";auth_loggedin|b:1;lang|s:2:\"id\";role_id|s:1:\"1\";role_name|s:13:\"Administrator\";first_name|s:5:\"Admin\";last_name|s:0:\"\";token|s:341:\"eyJhbGciOiJIUzUxMiIsImtpZCI6Im1Bb2xxeUt0Z0NfbEYyYnZSdFdvQ1NZR3FiQ3ViTHUyZGwydlpoaFI3S1UifQ.eyJpc3MiOiJtb2JpbGUiLCJpYXQiOjE2MTM0NTA3NTMsImp0aSI6IjkwZDIwMTk5LTQwNjItNGRkMy1iNmM4LWZjMTg3MzY4N2ViOSIsInVzZXIiOnsiaWQiOjEsImVtYWlsIjoiYWRtaW5AZXhhbXBsZS5jb20ifX0.uB1asCZ1pWciJRHrMniBhLh9MN5I3J2gEMjDZfSN8ge-69hZHwPVxppyDotpCyRKoNOaimDuOlOY3l94_SDyUQ\";id|s:1:\"1\";username|s:5:\"admin\";email|s:15:\"admin@gmail.com\";roles|a:1:{i:0;O:8:\"stdClass\":2:{s:2:\"id\";s:1:\"1\";s:4:\"name\";s:13:\"Administrator\";}}'),('ddpqevbc7bpj087ekj4j16ngsn09tfid','::1',1613448684,'__ci_last_regenerate|i:1613448684;role_name|s:13:\"Administrator\";auth_user|s:1:\"1\";auth_loggedin|b:1;lang|s:2:\"id\";role_id|s:1:\"1\";first_name|s:5:\"Admin\";last_name|s:0:\"\";token|s:341:\"eyJhbGciOiJIUzUxMiIsImtpZCI6Im1Bb2xxeUt0Z0NfbEYyYnZSdFdvQ1NZR3FiQ3ViTHUyZGwydlpoaFI3S1UifQ.eyJpc3MiOiJtb2JpbGUiLCJpYXQiOjE2MTM0NDQxMzYsImp0aSI6ImQxODFjMjUzLTAyMTAtNGJhZS04NDk5LTA0ZDc1OWMwMDI2MCIsInVzZXIiOnsiaWQiOjEsImVtYWlsIjoiYWRtaW5AZXhhbXBsZS5jb20ifX0.Ha_qc9yE5G28oeK68XlHrO0EizkuVmi_yKmcbLwVnp_gBXHlAFBPpfMpOvnSur0rCoc4YPg4yCXZeIFC1v5nfA\";id|s:1:\"1\";username|s:5:\"admin\";email|s:15:\"admin@gmail.com\";roles|a:1:{i:0;O:8:\"stdClass\":2:{s:2:\"id\";s:1:\"1\";s:4:\"name\";s:13:\"Administrator\";}}'),('dpb1n1cs5nnm9rcos53i3g7pmkace6au','::1',1613454576,'__ci_last_regenerate|i:1613454576;role_name|s:8:\"Operator\";auth_user|s:1:\"3\";auth_loggedin|b:1;lang|s:2:\"en\";role_id|s:2:\"14\";first_name|s:8:\"Operator\";last_name|s:0:\"\";token|s:348:\"eyJhbGciOiJIUzUxMiIsImtpZCI6Im1Bb2xxeUt0Z0NfbEYyYnZSdFdvQ1NZR3FiQ3ViTHUyZGwydlpoaFI3S1UifQ.eyJpc3MiOiJtb2JpbGUiLCJpYXQiOjE2MTM0NTIwOTYsImp0aSI6IjFjYzdhNDRiLWJjMjItNDJiZS04NjVmLTJiYjI4ZDVlZTQ0NSIsInVzZXIiOnsiaWQiOjUxLCJlbWFpbCI6ImRnX29wZXJhdG9yQGdtYWlsLmNvbSJ9fQ.Tq0LuTPACtZ2s16tQpt4_WWQSQOHCiKS41lKxsv1fDleHY0XSg1K6GW52lQXN-HCfAQxJLgIEQTjys3Fc1ODcg\";id|s:1:\"3\";username|s:8:\"operator\";email|s:18:\"operator@gmail.com\";roles|a:1:{i:0;O:8:\"stdClass\":2:{s:2:\"id\";s:2:\"14\";s:4:\"name\";s:8:\"Operator\";}}sup_id|s:2:\"12\";'),('dphlnstg9qudcghenmuarj22gvp7l9hn','::1',1613618142,'__ci_last_regenerate|i:1613618141;role_name|s:5:\"Guest\";'),('e6jliu83vi3u8vsm928tt3q49ov7l7fm','::1',1613632980,'__ci_last_regenerate|i:1613632980;role_name|s:5:\"Guest\";'),('ev215htj6cqns7c1emmamshd6pepnt2b','::1',1613451543,'__ci_last_regenerate|i:1613451543;role_name|s:5:\"Owner\";auth_user|s:1:\"2\";auth_loggedin|b:1;lang|s:2:\"id\";role_id|s:1:\"2\";first_name|s:5:\"Owner\";last_name|s:0:\"\";token|s:349:\"eyJhbGciOiJIUzUxMiIsImtpZCI6Im1Bb2xxeUt0Z0NfbEYyYnZSdFdvQ1NZR3FiQ3ViTHUyZGwydlpoaFI3S1UifQ.eyJpc3MiOiJtb2JpbGUiLCJpYXQiOjE2MTM0NTExNzksImp0aSI6IjA3M2JkYThmLTMxZTEtNDMzZi05NTBjLTQxOWFiN2ZkYjQ3MyIsInVzZXIiOnsiaWQiOjMsImVtYWlsIjoiZmlyaGF0aGlkYXlhdEBnbWFpbC5jb20ifX0.EZmIbdTuQYIm_Vc2XIBaPbXDePYfJy0riTxptZuhL9_o-AblnJfr5hJwHY9kVdAmaKIzc1Ld55o1UAEj65Gtjg\";id|s:1:\"2\";username|s:5:\"owner\";email|s:18:\"customer@gmail.com\";roles|a:0:{}'),('evirc5lf4j5vgcqjbissksrpoepiefrd','::1',1613567775,'__ci_last_regenerate|i:1613567775;auth_user|s:1:\"1\";auth_loggedin|b:1;lang|s:2:\"id\";role_id|s:1:\"1\";role_name|s:13:\"Administrator\";first_name|s:5:\"Admin\";last_name|s:0:\"\";token|s:341:\"eyJhbGciOiJIUzUxMiIsImtpZCI6Im1Bb2xxeUt0Z0NfbEYyYnZSdFdvQ1NZR3FiQ3ViTHUyZGwydlpoaFI3S1UifQ.eyJpc3MiOiJtb2JpbGUiLCJpYXQiOjE2MTM1NjQ5NDEsImp0aSI6Ijk2ZjViNjk3LWMxOGQtNGI5ZS05YjhjLTMxZDYxNDdkMDdjNCIsInVzZXIiOnsiaWQiOjEsImVtYWlsIjoiYWRtaW5AZXhhbXBsZS5jb20ifX0.sBImY906ONhWeAg7otNgxWUDjiafQdsPwJt3Q5JlF8yxeTlIuVki1LKXQbPIqOpgw6rwZDDRAEMrNNoA01TBGw\";sup_id|s:0:\"\";id|s:1:\"1\";username|s:5:\"admin\";email|s:15:\"admin@gmail.com\";roles|a:1:{i:0;O:8:\"stdClass\":2:{s:2:\"id\";s:1:\"1\";s:4:\"name\";s:13:\"Administrator\";}}'),('fsan9ccb68jbf4caft7hopln2ib2ir4f','::1',1613464913,'__ci_last_regenerate|i:1613464913;role_name|s:8:\"Operator\";auth_user|s:1:\"3\";auth_loggedin|b:1;lang|s:2:\"en\";role_id|s:2:\"14\";first_name|s:8:\"Operator\";last_name|s:0:\"\";token|s:348:\"eyJhbGciOiJIUzUxMiIsImtpZCI6Im1Bb2xxeUt0Z0NfbEYyYnZSdFdvQ1NZR3FiQ3ViTHUyZGwydlpoaFI3S1UifQ.eyJpc3MiOiJtb2JpbGUiLCJpYXQiOjE2MTM0NTcwODYsImp0aSI6ImVjYzNhYmFlLWI3MWMtNGQ2Mi05YTcyLWRjMmRlMzA5Y2JiZCIsInVzZXIiOnsiaWQiOjUxLCJlbWFpbCI6ImRnX29wZXJhdG9yQGdtYWlsLmNvbSJ9fQ.wisKK6l5VEDvoK28wEWthgyS4Nj3iX1t8gD-6HpO27mpyhDF9Bd-8bF5umfWptgzGUbBDw8U9wea6u6lF6JeCg\";id|s:1:\"3\";username|s:8:\"operator\";email|s:18:\"operator@gmail.com\";roles|a:1:{i:0;O:8:\"stdClass\":2:{s:2:\"id\";s:2:\"14\";s:4:\"name\";s:8:\"Operator\";}}sup_id|s:2:\"12\";'),('g814bbt2isto5cr4qibnllkde453jg81','::1',1613564350,'__ci_last_regenerate|i:1613564350;auth_user|s:1:\"1\";auth_loggedin|b:1;lang|s:2:\"id\";role_id|s:1:\"1\";role_name|s:13:\"Administrator\";first_name|s:5:\"Admin\";last_name|s:0:\"\";token|s:341:\"eyJhbGciOiJIUzUxMiIsImtpZCI6Im1Bb2xxeUt0Z0NfbEYyYnZSdFdvQ1NZR3FiQ3ViTHUyZGwydlpoaFI3S1UifQ.eyJpc3MiOiJtb2JpbGUiLCJpYXQiOjE2MTM1NjExMjcsImp0aSI6IjM2ZTQzZGZlLWZkOTMtNGVmZC05NjBlLWZiOTFjYWFmMmMwNCIsInVzZXIiOnsiaWQiOjEsImVtYWlsIjoiYWRtaW5AZXhhbXBsZS5jb20ifX0.nQMnCccp7ULqWapTp_VUj7wYsFNYCSm2yquNQE8gE8PmZODk6Kc8aSjnmt4lfBCaURz8sHLBwiSlbDgy2yabQg\";sup_id|s:0:\"\";id|s:1:\"1\";username|s:5:\"admin\";email|s:15:\"admin@gmail.com\";roles|a:1:{i:0;O:8:\"stdClass\":2:{s:2:\"id\";s:1:\"1\";s:4:\"name\";s:13:\"Administrator\";}}'),('gvpi4rf3lmp9mf94ou2h7sqhruvj5vje','::1',1613444495,'__ci_last_regenerate|i:1613444495;role_name|s:13:\"Administrator\";auth_user|s:1:\"1\";auth_loggedin|b:1;lang|s:2:\"id\";role_id|s:1:\"1\";first_name|s:5:\"Admin\";last_name|s:0:\"\";token|s:341:\"eyJhbGciOiJIUzUxMiIsImtpZCI6Im1Bb2xxeUt0Z0NfbEYyYnZSdFdvQ1NZR3FiQ3ViTHUyZGwydlpoaFI3S1UifQ.eyJpc3MiOiJtb2JpbGUiLCJpYXQiOjE2MTM0NDQxMzYsImp0aSI6ImQxODFjMjUzLTAyMTAtNGJhZS04NDk5LTA0ZDc1OWMwMDI2MCIsInVzZXIiOnsiaWQiOjEsImVtYWlsIjoiYWRtaW5AZXhhbXBsZS5jb20ifX0.Ha_qc9yE5G28oeK68XlHrO0EizkuVmi_yKmcbLwVnp_gBXHlAFBPpfMpOvnSur0rCoc4YPg4yCXZeIFC1v5nfA\";id|s:1:\"1\";username|s:5:\"admin\";email|s:15:\"admin@gmail.com\";roles|a:1:{i:0;O:8:\"stdClass\":2:{s:2:\"id\";s:1:\"1\";s:4:\"name\";s:13:\"Administrator\";}}'),('h7sj0603lb716r2blk5e66r8nnjvdg0g','::1',1613622484,'__ci_last_regenerate|i:1613622484;auth_user|s:1:\"1\";auth_loggedin|b:1;lang|s:2:\"id\";role_id|s:1:\"1\";role_name|s:13:\"Administrator\";first_name|s:5:\"Admin\";last_name|s:0:\"\";token|s:341:\"eyJhbGciOiJIUzUxMiIsImtpZCI6Im1Bb2xxeUt0Z0NfbEYyYnZSdFdvQ1NZR3FiQ3ViTHUyZGwydlpoaFI3S1UifQ.eyJpc3MiOiJtb2JpbGUiLCJpYXQiOjE2MTM2MTgxOTMsImp0aSI6IjIwMzJiMThkLTk4NzgtNGRhZS1iOTQ0LTIyODIwMjA4NWViNiIsInVzZXIiOnsiaWQiOjEsImVtYWlsIjoiYWRtaW5AZXhhbXBsZS5jb20ifX0.XPet8gVmO17RsjqjRWxQTVx3kB5z51QUS6xEX05DbWIbuLEGuKU5Rz0RTCVdmi8r9nvhV9p0h7zWMHQEGge2hw\";sup_id|s:0:\"\";id|s:1:\"1\";username|s:5:\"admin\";email|s:15:\"admin@gmail.com\";roles|a:1:{i:0;O:8:\"stdClass\":2:{s:2:\"id\";s:1:\"1\";s:4:\"name\";s:13:\"Administrator\";}}'),('hd807held5p3n5pbc53kijv4qi3cc5ur','::1',1613625421,'__ci_last_regenerate|i:1613625420;auth_user|s:1:\"1\";auth_loggedin|b:1;lang|s:2:\"id\";role_id|s:1:\"1\";role_name|s:13:\"Administrator\";first_name|s:5:\"Admin\";last_name|s:0:\"\";token|s:341:\"eyJhbGciOiJIUzUxMiIsImtpZCI6Im1Bb2xxeUt0Z0NfbEYyYnZSdFdvQ1NZR3FiQ3ViTHUyZGwydlpoaFI3S1UifQ.eyJpc3MiOiJtb2JpbGUiLCJpYXQiOjE2MTM2MTgxOTMsImp0aSI6IjIwMzJiMThkLTk4NzgtNGRhZS1iOTQ0LTIyODIwMjA4NWViNiIsInVzZXIiOnsiaWQiOjEsImVtYWlsIjoiYWRtaW5AZXhhbXBsZS5jb20ifX0.XPet8gVmO17RsjqjRWxQTVx3kB5z51QUS6xEX05DbWIbuLEGuKU5Rz0RTCVdmi8r9nvhV9p0h7zWMHQEGge2hw\";sup_id|s:0:\"\";id|s:1:\"1\";username|s:5:\"admin\";email|s:15:\"admin@gmail.com\";roles|a:1:{i:0;O:8:\"stdClass\":2:{s:2:\"id\";s:1:\"1\";s:4:\"name\";s:13:\"Administrator\";}}'),('hmbdebal0u2ja571jlhr65jt549g1kb8','::1',1613567364,'__ci_last_regenerate|i:1613567223;auth_user|b:0;auth_loggedin|b:0;lang|s:2:\"id\";role_id|s:2:\"15\";role_name|s:5:\"Guest\";first_name|s:5:\"Owner\";last_name|s:0:\"\";token|s:349:\"eyJhbGciOiJIUzUxMiIsImtpZCI6Im1Bb2xxeUt0Z0NfbEYyYnZSdFdvQ1NZR3FiQ3ViTHUyZGwydlpoaFI3S1UifQ.eyJpc3MiOiJtb2JpbGUiLCJpYXQiOjE2MTM1NjY4OTIsImp0aSI6ImQyMmNkZjM2LWRjZDYtNDdjZi05MTAxLWVlOGI2YzhkOTgxZiIsInVzZXIiOnsiaWQiOjMsImVtYWlsIjoiZmlyaGF0aGlkYXlhdEBnbWFpbC5jb20ifX0.e49aqVrzGert2SdbV9W8swOybDI11kfn5dSs9-lLUvJdE80ulIkt3mCYgOHKu8o35yVyHs1I0RWl4xcRfFZIig\";sup_id|s:0:\"\";id|s:1:\"2\";username|s:5:\"owner\";email|s:15:\"owner@gmail.com\";roles|a:1:{i:0;O:8:\"stdClass\":2:{s:2:\"id\";s:2:\"15\";s:4:\"name\";s:5:\"Owner\";}}'),('hmh0ogrol5nc09otu1ch2o8k5t9n5hss','::1',1613445812,'__ci_last_regenerate|i:1613445812;role_name|s:13:\"Administrator\";auth_user|s:1:\"1\";auth_loggedin|b:1;lang|s:2:\"id\";role_id|s:1:\"1\";first_name|s:5:\"Admin\";last_name|s:0:\"\";token|s:341:\"eyJhbGciOiJIUzUxMiIsImtpZCI6Im1Bb2xxeUt0Z0NfbEYyYnZSdFdvQ1NZR3FiQ3ViTHUyZGwydlpoaFI3S1UifQ.eyJpc3MiOiJtb2JpbGUiLCJpYXQiOjE2MTM0NDQxMzYsImp0aSI6ImQxODFjMjUzLTAyMTAtNGJhZS04NDk5LTA0ZDc1OWMwMDI2MCIsInVzZXIiOnsiaWQiOjEsImVtYWlsIjoiYWRtaW5AZXhhbXBsZS5jb20ifX0.Ha_qc9yE5G28oeK68XlHrO0EizkuVmi_yKmcbLwVnp_gBXHlAFBPpfMpOvnSur0rCoc4YPg4yCXZeIFC1v5nfA\";id|s:1:\"1\";username|s:5:\"admin\";email|s:15:\"admin@gmail.com\";roles|a:1:{i:0;O:8:\"stdClass\":2:{s:2:\"id\";s:1:\"1\";s:4:\"name\";s:13:\"Administrator\";}}'),('hr5kga6pjirucm4hscc24pc74t80jkh8','::1',1613470249,'__ci_last_regenerate|i:1613470249;role_name|s:8:\"Operator\";auth_user|s:1:\"3\";auth_loggedin|b:1;lang|s:2:\"en\";role_id|s:2:\"14\";first_name|s:8:\"Operator\";last_name|s:0:\"\";token|s:348:\"eyJhbGciOiJIUzUxMiIsImtpZCI6Im1Bb2xxeUt0Z0NfbEYyYnZSdFdvQ1NZR3FiQ3ViTHUyZGwydlpoaFI3S1UifQ.eyJpc3MiOiJtb2JpbGUiLCJpYXQiOjE2MTM0NTcwODYsImp0aSI6ImVjYzNhYmFlLWI3MWMtNGQ2Mi05YTcyLWRjMmRlMzA5Y2JiZCIsInVzZXIiOnsiaWQiOjUxLCJlbWFpbCI6ImRnX29wZXJhdG9yQGdtYWlsLmNvbSJ9fQ.wisKK6l5VEDvoK28wEWthgyS4Nj3iX1t8gD-6HpO27mpyhDF9Bd-8bF5umfWptgzGUbBDw8U9wea6u6lF6JeCg\";id|s:1:\"3\";username|s:8:\"operator\";email|s:18:\"operator@gmail.com\";roles|a:1:{i:0;O:8:\"stdClass\":2:{s:2:\"id\";s:2:\"14\";s:4:\"name\";s:8:\"Operator\";}}sup_id|s:2:\"12\";'),('hs5t5jukmde68bt3ovsr24stp7sqp4h3','::1',1613475445,'__ci_last_regenerate|i:1613475445;role_name|s:13:\"Administrator\";auth_user|s:1:\"1\";auth_loggedin|b:1;lang|s:2:\"id\";role_id|s:1:\"1\";first_name|s:5:\"Admin\";last_name|s:0:\"\";token|s:341:\"eyJhbGciOiJIUzUxMiIsImtpZCI6Im1Bb2xxeUt0Z0NfbEYyYnZSdFdvQ1NZR3FiQ3ViTHUyZGwydlpoaFI3S1UifQ.eyJpc3MiOiJtb2JpbGUiLCJpYXQiOjE2MTM0NzQ4MDgsImp0aSI6IjUwMDQwMWI0LWY3M2MtNDJhOC04MmFmLWY2ODcyNWIwN2EzMCIsInVzZXIiOnsiaWQiOjEsImVtYWlsIjoiYWRtaW5AZXhhbXBsZS5jb20ifX0.aVPqy8wcHcsZ4xkMjsB7yi8jlvzCc4tXjSlQ11p_adRR3I2BiCp_L6wYJMp1Y8ce21JolA2NylYnkXBYI6W9kw\";id|s:1:\"1\";username|s:5:\"admin\";email|s:15:\"admin@gmail.com\";roles|a:1:{i:0;O:8:\"stdClass\":2:{s:2:\"id\";s:1:\"1\";s:4:\"name\";s:13:\"Administrator\";}}sup_id|s:0:\"\";'),('i01uedqebf9ilf1a3t7cfsv5it61v42q','::1',1613568233,'__ci_last_regenerate|i:1613568233;auth_user|s:1:\"2\";auth_loggedin|b:1;lang|s:2:\"id\";role_id|s:2:\"15\";role_name|s:5:\"Owner\";first_name|s:5:\"Owner\";last_name|s:0:\"\";token|s:349:\"eyJhbGciOiJIUzUxMiIsImtpZCI6Im1Bb2xxeUt0Z0NfbEYyYnZSdFdvQ1NZR3FiQ3ViTHUyZGwydlpoaFI3S1UifQ.eyJpc3MiOiJtb2JpbGUiLCJpYXQiOjE2MTM1Njc4NTIsImp0aSI6IjFhOGRhNzczLWNkNTMtNDM3NS1hODkwLWE0OTUwMzYwMDI2MyIsInVzZXIiOnsiaWQiOjMsImVtYWlsIjoiZmlyaGF0aGlkYXlhdEBnbWFpbC5jb20ifX0.NA6B4oD2QfUfas9xlhTdTtzk50qFBW97jpjbMxEZmWPVIrAijDR225TCtMPowZ-GwOrFrlCM4v6YgqMTh98TuQ\";sup_id|s:0:\"\";id|s:1:\"2\";username|s:5:\"owner\";email|s:15:\"owner@gmail.com\";roles|a:1:{i:0;O:8:\"stdClass\":2:{s:2:\"id\";s:2:\"15\";s:4:\"name\";s:5:\"Owner\";}}'),('i0obt33c8takqdn8r1840oggqqijtpdr','::1',1613563568,'__ci_last_regenerate|i:1613563568;auth_user|s:1:\"1\";auth_loggedin|b:1;lang|s:2:\"id\";role_id|s:1:\"1\";role_name|s:13:\"Administrator\";first_name|s:5:\"Admin\";last_name|s:0:\"\";token|s:341:\"eyJhbGciOiJIUzUxMiIsImtpZCI6Im1Bb2xxeUt0Z0NfbEYyYnZSdFdvQ1NZR3FiQ3ViTHUyZGwydlpoaFI3S1UifQ.eyJpc3MiOiJtb2JpbGUiLCJpYXQiOjE2MTM1NjExMjcsImp0aSI6IjM2ZTQzZGZlLWZkOTMtNGVmZC05NjBlLWZiOTFjYWFmMmMwNCIsInVzZXIiOnsiaWQiOjEsImVtYWlsIjoiYWRtaW5AZXhhbXBsZS5jb20ifX0.nQMnCccp7ULqWapTp_VUj7wYsFNYCSm2yquNQE8gE8PmZODk6Kc8aSjnmt4lfBCaURz8sHLBwiSlbDgy2yabQg\";sup_id|s:0:\"\";id|s:1:\"1\";username|s:5:\"admin\";email|s:15:\"admin@gmail.com\";roles|a:1:{i:0;O:8:\"stdClass\":2:{s:2:\"id\";s:1:\"1\";s:4:\"name\";s:13:\"Administrator\";}}'),('i0puokas77o9g1b9tn2s569iobnuc7r5','::1',1613470566,'__ci_last_regenerate|i:1613470566;role_name|s:8:\"Operator\";auth_user|s:1:\"3\";auth_loggedin|b:1;lang|s:2:\"en\";role_id|s:2:\"14\";first_name|s:8:\"Operator\";last_name|s:0:\"\";token|s:348:\"eyJhbGciOiJIUzUxMiIsImtpZCI6Im1Bb2xxeUt0Z0NfbEYyYnZSdFdvQ1NZR3FiQ3ViTHUyZGwydlpoaFI3S1UifQ.eyJpc3MiOiJtb2JpbGUiLCJpYXQiOjE2MTM0NTcwODYsImp0aSI6ImVjYzNhYmFlLWI3MWMtNGQ2Mi05YTcyLWRjMmRlMzA5Y2JiZCIsInVzZXIiOnsiaWQiOjUxLCJlbWFpbCI6ImRnX29wZXJhdG9yQGdtYWlsLmNvbSJ9fQ.wisKK6l5VEDvoK28wEWthgyS4Nj3iX1t8gD-6HpO27mpyhDF9Bd-8bF5umfWptgzGUbBDw8U9wea6u6lF6JeCg\";id|s:1:\"3\";username|s:8:\"operator\";email|s:18:\"operator@gmail.com\";roles|a:1:{i:0;O:8:\"stdClass\":2:{s:2:\"id\";s:2:\"14\";s:4:\"name\";s:8:\"Operator\";}}sup_id|s:2:\"12\";'),('io6gs2ao2n4q3sdo5qj5pgkp39ssihgs','::1',1613455191,'__ci_last_regenerate|i:1613455191;role_name|s:8:\"Operator\";auth_user|s:1:\"3\";auth_loggedin|b:1;lang|s:2:\"en\";role_id|s:2:\"14\";first_name|s:8:\"Operator\";last_name|s:0:\"\";token|s:348:\"eyJhbGciOiJIUzUxMiIsImtpZCI6Im1Bb2xxeUt0Z0NfbEYyYnZSdFdvQ1NZR3FiQ3ViTHUyZGwydlpoaFI3S1UifQ.eyJpc3MiOiJtb2JpbGUiLCJpYXQiOjE2MTM0NTIwOTYsImp0aSI6IjFjYzdhNDRiLWJjMjItNDJiZS04NjVmLTJiYjI4ZDVlZTQ0NSIsInVzZXIiOnsiaWQiOjUxLCJlbWFpbCI6ImRnX29wZXJhdG9yQGdtYWlsLmNvbSJ9fQ.Tq0LuTPACtZ2s16tQpt4_WWQSQOHCiKS41lKxsv1fDleHY0XSg1K6GW52lQXN-HCfAQxJLgIEQTjys3Fc1ODcg\";id|s:1:\"3\";username|s:8:\"operator\";email|s:18:\"operator@gmail.com\";roles|a:1:{i:0;O:8:\"stdClass\":2:{s:2:\"id\";s:2:\"14\";s:4:\"name\";s:8:\"Operator\";}}sup_id|s:2:\"12\";'),('j0n0hn6lh66g5g72aqe9hadso3s465fd','::1',1613470885,'__ci_last_regenerate|i:1613470885;role_name|s:8:\"Operator\";auth_user|s:1:\"3\";auth_loggedin|b:1;lang|s:2:\"en\";role_id|s:2:\"14\";first_name|s:8:\"Operator\";last_name|s:0:\"\";token|s:348:\"eyJhbGciOiJIUzUxMiIsImtpZCI6Im1Bb2xxeUt0Z0NfbEYyYnZSdFdvQ1NZR3FiQ3ViTHUyZGwydlpoaFI3S1UifQ.eyJpc3MiOiJtb2JpbGUiLCJpYXQiOjE2MTM0NTcwODYsImp0aSI6ImVjYzNhYmFlLWI3MWMtNGQ2Mi05YTcyLWRjMmRlMzA5Y2JiZCIsInVzZXIiOnsiaWQiOjUxLCJlbWFpbCI6ImRnX29wZXJhdG9yQGdtYWlsLmNvbSJ9fQ.wisKK6l5VEDvoK28wEWthgyS4Nj3iX1t8gD-6HpO27mpyhDF9Bd-8bF5umfWptgzGUbBDw8U9wea6u6lF6JeCg\";id|s:1:\"3\";username|s:8:\"operator\";email|s:18:\"operator@gmail.com\";roles|a:1:{i:0;O:8:\"stdClass\":2:{s:2:\"id\";s:2:\"14\";s:4:\"name\";s:8:\"Operator\";}}sup_id|s:2:\"12\";'),('ja8nludv07berfl3urd52mhvip0hu1r1','::1',1613474109,'__ci_last_regenerate|i:1613474109;role_name|s:13:\"Administrator\";auth_user|s:1:\"1\";auth_loggedin|b:1;lang|s:2:\"id\";role_id|s:1:\"1\";first_name|s:5:\"Admin\";last_name|s:0:\"\";token|s:341:\"eyJhbGciOiJIUzUxMiIsImtpZCI6Im1Bb2xxeUt0Z0NfbEYyYnZSdFdvQ1NZR3FiQ3ViTHUyZGwydlpoaFI3S1UifQ.eyJpc3MiOiJtb2JpbGUiLCJpYXQiOjE2MTM0NzI5NzMsImp0aSI6Ijk4MmE0MzY1LWMzODAtNGE3Zi04M2ZmLTM3OGQ1ZWQ0ZjY0OSIsInVzZXIiOnsiaWQiOjEsImVtYWlsIjoiYWRtaW5AZXhhbXBsZS5jb20ifX0.Aaoj0Uhgc_qYCG1M7eSP8HYz_H64PXaetObIkm0M_0isP5MxJ0oyH_lR1DL8a3_RzVU9xLt0UhMq122KmkXxIg\";id|s:1:\"1\";username|s:5:\"admin\";email|s:15:\"admin@gmail.com\";roles|a:1:{i:0;O:8:\"stdClass\":2:{s:2:\"id\";s:1:\"1\";s:4:\"name\";s:13:\"Administrator\";}}sup_id|s:0:\"\";'),('jecvm8q95b2qnp654mel4ivcsj5jga37','::1',1613561503,'__ci_last_regenerate|i:1613561503;role_name|s:5:\"Guest\";'),('k9sc1nh3pbhsvmmfqhqc15jubt0hog2p','::1',1613450861,'__ci_last_regenerate|i:1613450861;role_name|s:13:\"Administrator\";auth_user|s:1:\"3\";auth_loggedin|b:1;lang|N;role_id|s:1:\"1\";first_name|s:8:\"Operator\";last_name|s:0:\"\";token|s:348:\"eyJhbGciOiJIUzUxMiIsImtpZCI6Im1Bb2xxeUt0Z0NfbEYyYnZSdFdvQ1NZR3FiQ3ViTHUyZGwydlpoaFI3S1UifQ.eyJpc3MiOiJtb2JpbGUiLCJpYXQiOjE2MTM0NTA2MTUsImp0aSI6IjM2MDY5MzIxLWZkYzAtNDMzNy04YmFlLTFjYjAxZThmNDkwMSIsInVzZXIiOnsiaWQiOjUxLCJlbWFpbCI6ImRnX29wZXJhdG9yQGdtYWlsLmNvbSJ9fQ.L4OQawAg3F_MvJ0uLZnW3EzF2NM54EWUPH0ao2V1AvtC1p8_-hrlhG5ti6TwbbLb81MFZMDHIriMdDhynToe5w\";id|s:1:\"3\";username|s:8:\"operator\";email|s:18:\"operator@gmail.com\";roles|a:0:{}'),('kd8raijlmjr1n2ak1ck8c60f227mnki4','::1',1613611088,'__ci_last_regenerate|i:1613611087;role_name|s:5:\"Guest\";'),('kdhjhaqnrqbooidrqp3lbvi3qfruv1bn','::1',1613566784,'__ci_last_regenerate|i:1613566784;auth_user|s:1:\"1\";auth_loggedin|b:1;lang|s:2:\"id\";role_id|s:1:\"1\";role_name|s:13:\"Administrator\";first_name|s:5:\"Admin\";last_name|s:0:\"\";token|s:341:\"eyJhbGciOiJIUzUxMiIsImtpZCI6Im1Bb2xxeUt0Z0NfbEYyYnZSdFdvQ1NZR3FiQ3ViTHUyZGwydlpoaFI3S1UifQ.eyJpc3MiOiJtb2JpbGUiLCJpYXQiOjE2MTM1NjQ5NDEsImp0aSI6Ijk2ZjViNjk3LWMxOGQtNGI5ZS05YjhjLTMxZDYxNDdkMDdjNCIsInVzZXIiOnsiaWQiOjEsImVtYWlsIjoiYWRtaW5AZXhhbXBsZS5jb20ifX0.sBImY906ONhWeAg7otNgxWUDjiafQdsPwJt3Q5JlF8yxeTlIuVki1LKXQbPIqOpgw6rwZDDRAEMrNNoA01TBGw\";sup_id|s:0:\"\";id|s:1:\"1\";username|s:5:\"admin\";email|s:15:\"admin@gmail.com\";roles|a:1:{i:0;O:8:\"stdClass\":2:{s:2:\"id\";s:1:\"1\";s:4:\"name\";s:13:\"Administrator\";}}'),('kpfh70hqqjnjevj3vhblgn7jj17uosvq','::1',1613451709,'__ci_last_regenerate|i:1613451472;auth_user|s:1:\"1\";auth_loggedin|b:1;lang|s:2:\"id\";role_id|s:1:\"1\";role_name|s:13:\"Administrator\";first_name|s:5:\"Admin\";last_name|s:0:\"\";token|s:341:\"eyJhbGciOiJIUzUxMiIsImtpZCI6Im1Bb2xxeUt0Z0NfbEYyYnZSdFdvQ1NZR3FiQ3ViTHUyZGwydlpoaFI3S1UifQ.eyJpc3MiOiJtb2JpbGUiLCJpYXQiOjE2MTM0NTE1OTQsImp0aSI6ImQ1NTRjZDc1LWJjMjUtNDVlNS1iNTBhLTRlNzg4OGFjMGQ0MSIsInVzZXIiOnsiaWQiOjEsImVtYWlsIjoiYWRtaW5AZXhhbXBsZS5jb20ifX0.avawqjoPK1cmTfbM9Diqvmh54ZpzFUS5Q7aHMKM45OFWrV1-BbNqY8VfFUbRua1k0y3pq-9mayixW-VN3ud45w\";id|s:1:\"1\";username|s:5:\"admin\";email|s:15:\"admin@gmail.com\";roles|a:1:{i:0;O:8:\"stdClass\":2:{s:2:\"id\";s:1:\"1\";s:4:\"name\";s:13:\"Administrator\";}}'),('lt56kljkr7k72mk07ou68dnqqguvbg7b','::1',1613550808,'__ci_last_regenerate|i:1613550808;auth_user|s:1:\"1\";auth_loggedin|b:1;lang|s:2:\"id\";role_id|s:1:\"1\";role_name|s:13:\"Administrator\";first_name|s:5:\"Admin\";last_name|s:0:\"\";token|s:341:\"eyJhbGciOiJIUzUxMiIsImtpZCI6Im1Bb2xxeUt0Z0NfbEYyYnZSdFdvQ1NZR3FiQ3ViTHUyZGwydlpoaFI3S1UifQ.eyJpc3MiOiJtb2JpbGUiLCJpYXQiOjE2MTM1NDk5NDgsImp0aSI6ImJjMTBjOWU4LTU5ODQtNDQ5My1iM2VjLTM0NzNiMjQ2MjQyOCIsInVzZXIiOnsiaWQiOjEsImVtYWlsIjoiYWRtaW5AZXhhbXBsZS5jb20ifX0.P3Q0DRp0BU4beFT1ijc4OjaYzoKv-KlxJ8O7HTGOYyrcJpUFu09tcea6zYeM5FqiakllTq1Rp7pJqOwe9_mmaQ\";sup_id|s:0:\"\";id|s:1:\"1\";username|s:5:\"admin\";email|s:15:\"admin@gmail.com\";roles|a:1:{i:0;O:8:\"stdClass\":2:{s:2:\"id\";s:1:\"1\";s:4:\"name\";s:13:\"Administrator\";}}'),('m1jm70hp9dt5raf4e6g6uoq0t48rc9o1','::1',1613562750,'__ci_last_regenerate|i:1613562750;auth_user|s:1:\"1\";auth_loggedin|b:1;lang|s:2:\"id\";role_id|s:1:\"1\";role_name|s:13:\"Administrator\";first_name|s:5:\"Admin\";last_name|s:0:\"\";token|s:341:\"eyJhbGciOiJIUzUxMiIsImtpZCI6Im1Bb2xxeUt0Z0NfbEYyYnZSdFdvQ1NZR3FiQ3ViTHUyZGwydlpoaFI3S1UifQ.eyJpc3MiOiJtb2JpbGUiLCJpYXQiOjE2MTM1NjExMjcsImp0aSI6IjM2ZTQzZGZlLWZkOTMtNGVmZC05NjBlLWZiOTFjYWFmMmMwNCIsInVzZXIiOnsiaWQiOjEsImVtYWlsIjoiYWRtaW5AZXhhbXBsZS5jb20ifX0.nQMnCccp7ULqWapTp_VUj7wYsFNYCSm2yquNQE8gE8PmZODk6Kc8aSjnmt4lfBCaURz8sHLBwiSlbDgy2yabQg\";sup_id|s:0:\"\";id|s:1:\"1\";username|s:5:\"admin\";email|s:15:\"admin@gmail.com\";roles|a:1:{i:0;O:8:\"stdClass\":2:{s:2:\"id\";s:1:\"1\";s:4:\"name\";s:13:\"Administrator\";}}'),('mnk5ispfeqguv24dlrbokr2kecao381g','::1',1613563668,'__ci_last_regenerate|i:1613563668;auth_user|s:1:\"2\";auth_loggedin|b:1;lang|s:2:\"id\";role_id|s:2:\"15\";role_name|s:5:\"Owner\";first_name|s:5:\"Owner\";last_name|s:0:\"\";token|s:349:\"eyJhbGciOiJIUzUxMiIsImtpZCI6Im1Bb2xxeUt0Z0NfbEYyYnZSdFdvQ1NZR3FiQ3ViTHUyZGwydlpoaFI3S1UifQ.eyJpc3MiOiJtb2JpbGUiLCJpYXQiOjE2MTM1NjIzNjcsImp0aSI6ImU2ZjhlZWE1LTU3MzUtNGNjNy04NjA3LTM2MmY4NjMzMmMzOSIsInVzZXIiOnsiaWQiOjMsImVtYWlsIjoiZmlyaGF0aGlkYXlhdEBnbWFpbC5jb20ifX0.v9kBqe070_1sKH_XzFs3xdVh0iawjHMRgQuQV1ZX-zYW_HJ3iENwMg1tg44ZYpzJcc_N8Vy4D8t6Vpptw-mPmg\";sup_id|s:0:\"\";id|s:1:\"2\";username|s:5:\"owner\";email|s:15:\"owner@gmail.com\";roles|a:1:{i:0;O:8:\"stdClass\":2:{s:2:\"id\";s:2:\"15\";s:4:\"name\";s:5:\"Owner\";}}'),('o3lpu8b0iqc0engdljkeb98vlv22eenv','::1',1613566882,'__ci_last_regenerate|i:1613566881;role_name|s:5:\"Guest\";'),('o6htqj0qnkn3cjt78g1pt7jdf31obrni','::1',1613450977,'__ci_last_regenerate|i:1613450977;role_name|s:5:\"Guest\";'),('o99l9ao41b4l9qjuh911brk4n1njdr93','::1',1613458643,'__ci_last_regenerate|i:1613458643;role_name|s:8:\"Operator\";auth_user|s:1:\"3\";auth_loggedin|b:1;lang|s:2:\"en\";role_id|s:2:\"14\";first_name|s:8:\"Operator\";last_name|s:0:\"\";token|s:348:\"eyJhbGciOiJIUzUxMiIsImtpZCI6Im1Bb2xxeUt0Z0NfbEYyYnZSdFdvQ1NZR3FiQ3ViTHUyZGwydlpoaFI3S1UifQ.eyJpc3MiOiJtb2JpbGUiLCJpYXQiOjE2MTM0NTcwODYsImp0aSI6ImVjYzNhYmFlLWI3MWMtNGQ2Mi05YTcyLWRjMmRlMzA5Y2JiZCIsInVzZXIiOnsiaWQiOjUxLCJlbWFpbCI6ImRnX29wZXJhdG9yQGdtYWlsLmNvbSJ9fQ.wisKK6l5VEDvoK28wEWthgyS4Nj3iX1t8gD-6HpO27mpyhDF9Bd-8bF5umfWptgzGUbBDw8U9wea6u6lF6JeCg\";id|s:1:\"3\";username|s:8:\"operator\";email|s:18:\"operator@gmail.com\";roles|a:1:{i:0;O:8:\"stdClass\":2:{s:2:\"id\";s:2:\"14\";s:4:\"name\";s:8:\"Operator\";}}sup_id|s:2:\"12\";'),('ovbd1qpmjehhng03om8al0iouhbo4705','::1',1613561096,'__ci_last_regenerate|i:1613561096;role_name|s:5:\"Guest\";'),('p0kdmnf7k12gp4f91b2m8tc1h1nuulg5','::1',1613451159,'__ci_last_regenerate|i:1613451159;auth_user|s:1:\"1\";auth_loggedin|b:1;lang|s:2:\"id\";role_id|s:1:\"1\";role_name|s:13:\"Administrator\";first_name|s:5:\"Admin\";last_name|s:0:\"\";token|s:341:\"eyJhbGciOiJIUzUxMiIsImtpZCI6Im1Bb2xxeUt0Z0NfbEYyYnZSdFdvQ1NZR3FiQ3ViTHUyZGwydlpoaFI3S1UifQ.eyJpc3MiOiJtb2JpbGUiLCJpYXQiOjE2MTM0NTA3NTMsImp0aSI6IjkwZDIwMTk5LTQwNjItNGRkMy1iNmM4LWZjMTg3MzY4N2ViOSIsInVzZXIiOnsiaWQiOjEsImVtYWlsIjoiYWRtaW5AZXhhbXBsZS5jb20ifX0.uB1asCZ1pWciJRHrMniBhLh9MN5I3J2gEMjDZfSN8ge-69hZHwPVxppyDotpCyRKoNOaimDuOlOY3l94_SDyUQ\";id|s:1:\"1\";username|s:5:\"admin\";email|s:15:\"admin@gmail.com\";roles|a:1:{i:0;O:8:\"stdClass\":2:{s:2:\"id\";s:1:\"1\";s:4:\"name\";s:13:\"Administrator\";}}'),('pn236jcfouspi2iqjaec1ilj4l2oo0ii','::1',1613553715,'__ci_last_regenerate|i:1613553715;auth_user|s:1:\"1\";auth_loggedin|b:1;lang|s:2:\"id\";role_id|s:1:\"1\";role_name|s:13:\"Administrator\";first_name|s:5:\"Admin\";last_name|s:0:\"\";token|s:341:\"eyJhbGciOiJIUzUxMiIsImtpZCI6Im1Bb2xxeUt0Z0NfbEYyYnZSdFdvQ1NZR3FiQ3ViTHUyZGwydlpoaFI3S1UifQ.eyJpc3MiOiJtb2JpbGUiLCJpYXQiOjE2MTM1NDk5NDgsImp0aSI6ImJjMTBjOWU4LTU5ODQtNDQ5My1iM2VjLTM0NzNiMjQ2MjQyOCIsInVzZXIiOnsiaWQiOjEsImVtYWlsIjoiYWRtaW5AZXhhbXBsZS5jb20ifX0.P3Q0DRp0BU4beFT1ijc4OjaYzoKv-KlxJ8O7HTGOYyrcJpUFu09tcea6zYeM5FqiakllTq1Rp7pJqOwe9_mmaQ\";sup_id|s:0:\"\";id|s:1:\"1\";username|s:5:\"admin\";email|s:15:\"admin@gmail.com\";roles|a:1:{i:0;O:8:\"stdClass\":2:{s:2:\"id\";s:1:\"1\";s:4:\"name\";s:13:\"Administrator\";}}'),('q7afj44d54cve7eg8tuhakb4f5cbrlm6','::1',1613562118,'__ci_last_regenerate|i:1613562118;auth_user|s:1:\"2\";auth_loggedin|b:1;lang|s:2:\"id\";role_id|s:2:\"15\";role_name|s:5:\"Owner\";first_name|s:5:\"Owner\";last_name|s:0:\"\";token|s:349:\"eyJhbGciOiJIUzUxMiIsImtpZCI6Im1Bb2xxeUt0Z0NfbEYyYnZSdFdvQ1NZR3FiQ3ViTHUyZGwydlpoaFI3S1UifQ.eyJpc3MiOiJtb2JpbGUiLCJpYXQiOjE2MTM1NjIxMTksImp0aSI6Ijg4M2VlNGFjLTZiNTAtNGQ4MC05YTc4LWMwZDkyYzQ3YzRlMSIsInVzZXIiOnsiaWQiOjMsImVtYWlsIjoiZmlyaGF0aGlkYXlhdEBnbWFpbC5jb20ifX0.5LJjinTJvnodrv1CCIQgT4lF9P1M_3dVv0fNvjS1iNEWXVTqdI78Mj68qACZ-x91QVHg49CyfY2eYy5AskBNgA\";sup_id|s:0:\"\";id|s:1:\"3\";username|s:8:\"operator\";email|s:18:\"operator@gmail.com\";roles|a:1:{i:0;O:8:\"stdClass\":2:{s:2:\"id\";s:2:\"14\";s:4:\"name\";s:8:\"Operator\";}}'),('qgqobvopb54g7paieveq1rku4se3rrn7','::1',1613551482,'__ci_last_regenerate|i:1613551482;auth_user|s:1:\"1\";auth_loggedin|b:1;lang|s:2:\"id\";role_id|s:1:\"1\";role_name|s:13:\"Administrator\";first_name|s:5:\"Admin\";last_name|s:0:\"\";token|s:341:\"eyJhbGciOiJIUzUxMiIsImtpZCI6Im1Bb2xxeUt0Z0NfbEYyYnZSdFdvQ1NZR3FiQ3ViTHUyZGwydlpoaFI3S1UifQ.eyJpc3MiOiJtb2JpbGUiLCJpYXQiOjE2MTM1NDk5NDgsImp0aSI6ImJjMTBjOWU4LTU5ODQtNDQ5My1iM2VjLTM0NzNiMjQ2MjQyOCIsInVzZXIiOnsiaWQiOjEsImVtYWlsIjoiYWRtaW5AZXhhbXBsZS5jb20ifX0.P3Q0DRp0BU4beFT1ijc4OjaYzoKv-KlxJ8O7HTGOYyrcJpUFu09tcea6zYeM5FqiakllTq1Rp7pJqOwe9_mmaQ\";sup_id|s:0:\"\";id|s:1:\"1\";username|s:5:\"admin\";email|s:15:\"admin@gmail.com\";roles|a:1:{i:0;O:8:\"stdClass\":2:{s:2:\"id\";s:1:\"1\";s:4:\"name\";s:13:\"Administrator\";}}'),('qi6690jbd91geaf7r5v3v0eoflbkojb9','::1',1613471222,'__ci_last_regenerate|i:1613471222;role_name|s:8:\"Operator\";auth_user|s:1:\"3\";auth_loggedin|b:1;lang|s:2:\"en\";role_id|s:2:\"14\";first_name|s:8:\"Operator\";last_name|s:0:\"\";token|s:348:\"eyJhbGciOiJIUzUxMiIsImtpZCI6Im1Bb2xxeUt0Z0NfbEYyYnZSdFdvQ1NZR3FiQ3ViTHUyZGwydlpoaFI3S1UifQ.eyJpc3MiOiJtb2JpbGUiLCJpYXQiOjE2MTM0NTcwODYsImp0aSI6ImVjYzNhYmFlLWI3MWMtNGQ2Mi05YTcyLWRjMmRlMzA5Y2JiZCIsInVzZXIiOnsiaWQiOjUxLCJlbWFpbCI6ImRnX29wZXJhdG9yQGdtYWlsLmNvbSJ9fQ.wisKK6l5VEDvoK28wEWthgyS4Nj3iX1t8gD-6HpO27mpyhDF9Bd-8bF5umfWptgzGUbBDw8U9wea6u6lF6JeCg\";id|s:1:\"3\";username|s:8:\"operator\";email|s:18:\"operator@gmail.com\";roles|a:1:{i:0;O:8:\"stdClass\":2:{s:2:\"id\";s:2:\"14\";s:4:\"name\";s:8:\"Operator\";}}sup_id|s:2:\"12\";'),('qk0da9r2rohjcp9g2p7qhedkndf4gm3d','::1',1613567818,'__ci_last_regenerate|i:1613567775;auth_user|s:1:\"1\";auth_loggedin|b:1;lang|s:2:\"id\";role_id|s:1:\"1\";role_name|s:13:\"Administrator\";first_name|s:5:\"Admin\";last_name|s:0:\"\";token|s:341:\"eyJhbGciOiJIUzUxMiIsImtpZCI6Im1Bb2xxeUt0Z0NfbEYyYnZSdFdvQ1NZR3FiQ3ViTHUyZGwydlpoaFI3S1UifQ.eyJpc3MiOiJtb2JpbGUiLCJpYXQiOjE2MTM1NjQ5NDEsImp0aSI6Ijk2ZjViNjk3LWMxOGQtNGI5ZS05YjhjLTMxZDYxNDdkMDdjNCIsInVzZXIiOnsiaWQiOjEsImVtYWlsIjoiYWRtaW5AZXhhbXBsZS5jb20ifX0.sBImY906ONhWeAg7otNgxWUDjiafQdsPwJt3Q5JlF8yxeTlIuVki1LKXQbPIqOpgw6rwZDDRAEMrNNoA01TBGw\";sup_id|s:0:\"\";id|s:1:\"1\";username|s:5:\"admin\";email|s:15:\"admin@gmail.com\";roles|a:1:{i:0;O:8:\"stdClass\":2:{s:2:\"id\";s:1:\"1\";s:4:\"name\";s:13:\"Administrator\";}}success|s:20:\"Rule telah diupdate.\";__ci_vars|a:1:{s:7:\"success\";s:3:\"old\";}'),('qk8a770bt0tbjfe5aia60d0622nupnq3','::1',1613444140,'__ci_last_regenerate|i:1613444140;role_name|s:13:\"Administrator\";auth_user|s:1:\"1\";auth_loggedin|b:1;lang|s:2:\"id\";role_id|s:1:\"1\";first_name|s:5:\"Admin\";last_name|s:0:\"\";token|s:341:\"eyJhbGciOiJIUzUxMiIsImtpZCI6Im1Bb2xxeUt0Z0NfbEYyYnZSdFdvQ1NZR3FiQ3ViTHUyZGwydlpoaFI3S1UifQ.eyJpc3MiOiJtb2JpbGUiLCJpYXQiOjE2MTM0NDQxMzYsImp0aSI6ImQxODFjMjUzLTAyMTAtNGJhZS04NDk5LTA0ZDc1OWMwMDI2MCIsInVzZXIiOnsiaWQiOjEsImVtYWlsIjoiYWRtaW5AZXhhbXBsZS5jb20ifX0.Ha_qc9yE5G28oeK68XlHrO0EizkuVmi_yKmcbLwVnp_gBXHlAFBPpfMpOvnSur0rCoc4YPg4yCXZeIFC1v5nfA\";'),('qkrgf9kd73j0hlptv8ar5lksf25l64ss','::1',1613444815,'__ci_last_regenerate|i:1613444815;role_name|s:13:\"Administrator\";auth_user|s:1:\"1\";auth_loggedin|b:1;lang|s:2:\"id\";role_id|s:1:\"1\";first_name|s:5:\"Admin\";last_name|s:0:\"\";token|s:341:\"eyJhbGciOiJIUzUxMiIsImtpZCI6Im1Bb2xxeUt0Z0NfbEYyYnZSdFdvQ1NZR3FiQ3ViTHUyZGwydlpoaFI3S1UifQ.eyJpc3MiOiJtb2JpbGUiLCJpYXQiOjE2MTM0NDQxMzYsImp0aSI6ImQxODFjMjUzLTAyMTAtNGJhZS04NDk5LTA0ZDc1OWMwMDI2MCIsInVzZXIiOnsiaWQiOjEsImVtYWlsIjoiYWRtaW5AZXhhbXBsZS5jb20ifX0.Ha_qc9yE5G28oeK68XlHrO0EizkuVmi_yKmcbLwVnp_gBXHlAFBPpfMpOvnSur0rCoc4YPg4yCXZeIFC1v5nfA\";id|s:1:\"1\";username|s:5:\"admin\";email|s:15:\"admin@gmail.com\";roles|a:1:{i:0;O:8:\"stdClass\":2:{s:2:\"id\";s:1:\"1\";s:4:\"name\";s:13:\"Administrator\";}}'),('r02ug17gcm8n6m3pl9amnhamvrv0otd3','::1',1613460552,'__ci_last_regenerate|i:1613460552;role_name|s:8:\"Operator\";auth_user|s:1:\"3\";auth_loggedin|b:1;lang|s:2:\"en\";role_id|s:2:\"14\";first_name|s:8:\"Operator\";last_name|s:0:\"\";token|s:348:\"eyJhbGciOiJIUzUxMiIsImtpZCI6Im1Bb2xxeUt0Z0NfbEYyYnZSdFdvQ1NZR3FiQ3ViTHUyZGwydlpoaFI3S1UifQ.eyJpc3MiOiJtb2JpbGUiLCJpYXQiOjE2MTM0NTcwODYsImp0aSI6ImVjYzNhYmFlLWI3MWMtNGQ2Mi05YTcyLWRjMmRlMzA5Y2JiZCIsInVzZXIiOnsiaWQiOjUxLCJlbWFpbCI6ImRnX29wZXJhdG9yQGdtYWlsLmNvbSJ9fQ.wisKK6l5VEDvoK28wEWthgyS4Nj3iX1t8gD-6HpO27mpyhDF9Bd-8bF5umfWptgzGUbBDw8U9wea6u6lF6JeCg\";id|s:1:\"3\";username|s:8:\"operator\";email|s:18:\"operator@gmail.com\";roles|a:1:{i:0;O:8:\"stdClass\":2:{s:2:\"id\";s:2:\"14\";s:4:\"name\";s:8:\"Operator\";}}sup_id|s:2:\"12\";'),('r031tifae5u72b1bnm2qbtf0dd33jj6h','::1',1613568514,'__ci_last_regenerate|i:1613568233;auth_user|s:1:\"2\";auth_loggedin|b:1;lang|s:2:\"id\";role_id|s:2:\"15\";role_name|s:5:\"Owner\";first_name|s:5:\"Owner\";last_name|s:0:\"\";token|s:349:\"eyJhbGciOiJIUzUxMiIsImtpZCI6Im1Bb2xxeUt0Z0NfbEYyYnZSdFdvQ1NZR3FiQ3ViTHUyZGwydlpoaFI3S1UifQ.eyJpc3MiOiJtb2JpbGUiLCJpYXQiOjE2MTM1Njc4NTIsImp0aSI6IjFhOGRhNzczLWNkNTMtNDM3NS1hODkwLWE0OTUwMzYwMDI2MyIsInVzZXIiOnsiaWQiOjMsImVtYWlsIjoiZmlyaGF0aGlkYXlhdEBnbWFpbC5jb20ifX0.NA6B4oD2QfUfas9xlhTdTtzk50qFBW97jpjbMxEZmWPVIrAijDR225TCtMPowZ-GwOrFrlCM4v6YgqMTh98TuQ\";sup_id|s:0:\"\";id|s:1:\"2\";username|s:5:\"owner\";email|s:15:\"owner@gmail.com\";roles|a:1:{i:0;O:8:\"stdClass\":2:{s:2:\"id\";s:2:\"15\";s:4:\"name\";s:5:\"Owner\";}}'),('r1bdr567js1jbcbquiev4ibglj88jtej','::1',1613472297,'__ci_last_regenerate|i:1613472297;role_name|s:8:\"Operator\";auth_user|s:1:\"3\";auth_loggedin|b:1;lang|s:2:\"en\";role_id|s:2:\"14\";first_name|s:8:\"Operator\";last_name|s:0:\"\";token|s:348:\"eyJhbGciOiJIUzUxMiIsImtpZCI6Im1Bb2xxeUt0Z0NfbEYyYnZSdFdvQ1NZR3FiQ3ViTHUyZGwydlpoaFI3S1UifQ.eyJpc3MiOiJtb2JpbGUiLCJpYXQiOjE2MTM0NTcwODYsImp0aSI6ImVjYzNhYmFlLWI3MWMtNGQ2Mi05YTcyLWRjMmRlMzA5Y2JiZCIsInVzZXIiOnsiaWQiOjUxLCJlbWFpbCI6ImRnX29wZXJhdG9yQGdtYWlsLmNvbSJ9fQ.wisKK6l5VEDvoK28wEWthgyS4Nj3iX1t8gD-6HpO27mpyhDF9Bd-8bF5umfWptgzGUbBDw8U9wea6u6lF6JeCg\";id|s:1:\"3\";username|s:8:\"operator\";email|s:18:\"operator@gmail.com\";roles|a:1:{i:0;O:8:\"stdClass\":2:{s:2:\"id\";s:2:\"14\";s:4:\"name\";s:8:\"Operator\";}}sup_id|s:2:\"12\";'),('r4334tta4hvnsqgs8id38da1p46tubpc','::1',1613450510,'__ci_last_regenerate|i:1613450510;role_name|s:13:\"Administrator\";auth_user|s:1:\"1\";auth_loggedin|b:1;lang|s:2:\"id\";role_id|s:1:\"1\";first_name|s:5:\"Admin\";last_name|s:0:\"\";token|s:341:\"eyJhbGciOiJIUzUxMiIsImtpZCI6Im1Bb2xxeUt0Z0NfbEYyYnZSdFdvQ1NZR3FiQ3ViTHUyZGwydlpoaFI3S1UifQ.eyJpc3MiOiJtb2JpbGUiLCJpYXQiOjE2MTM0NDQxMzYsImp0aSI6ImQxODFjMjUzLTAyMTAtNGJhZS04NDk5LTA0ZDc1OWMwMDI2MCIsInVzZXIiOnsiaWQiOjEsImVtYWlsIjoiYWRtaW5AZXhhbXBsZS5jb20ifX0.Ha_qc9yE5G28oeK68XlHrO0EizkuVmi_yKmcbLwVnp_gBXHlAFBPpfMpOvnSur0rCoc4YPg4yCXZeIFC1v5nfA\";id|s:1:\"1\";username|s:5:\"admin\";email|s:15:\"admin@gmail.com\";roles|a:1:{i:0;O:8:\"stdClass\":2:{s:2:\"id\";s:1:\"1\";s:4:\"name\";s:13:\"Administrator\";}}'),('rhq592452q20f6th7s64evf4avac5spo','::1',1613452077,'__ci_last_regenerate|i:1613452077;role_name|s:8:\"Operator\";auth_user|s:1:\"3\";auth_loggedin|b:1;lang|s:2:\"en\";role_id|s:2:\"14\";first_name|s:8:\"Operator\";last_name|s:0:\"\";token|s:348:\"eyJhbGciOiJIUzUxMiIsImtpZCI6Im1Bb2xxeUt0Z0NfbEYyYnZSdFdvQ1NZR3FiQ3ViTHUyZGwydlpoaFI3S1UifQ.eyJpc3MiOiJtb2JpbGUiLCJpYXQiOjE2MTM0NTE3MzgsImp0aSI6ImUwNzYzOTQzLTYwODktNDdjMi04MDVmLWQzOGYyYWIwMDM0OSIsInVzZXIiOnsiaWQiOjUxLCJlbWFpbCI6ImRnX29wZXJhdG9yQGdtYWlsLmNvbSJ9fQ.fU-akzbb7WfKAHmkDXeuWS6uws-ZWbU1FY884207ajisaZT6FL-8af6C0OtNHGPKOCge8f4Ofu1VsTRSWoKBYQ\";id|s:1:\"3\";username|s:8:\"operator\";email|s:18:\"operator@gmail.com\";roles|a:1:{i:0;O:8:\"stdClass\":2:{s:2:\"id\";s:2:\"14\";s:4:\"name\";s:8:\"Operator\";}}'),('rs12logmb4tvuu9m382sa56hocpa2vva','::1',1613467633,'__ci_last_regenerate|i:1613467633;role_name|s:8:\"Operator\";auth_user|s:1:\"3\";auth_loggedin|b:1;lang|s:2:\"en\";role_id|s:2:\"14\";first_name|s:8:\"Operator\";last_name|s:0:\"\";token|s:348:\"eyJhbGciOiJIUzUxMiIsImtpZCI6Im1Bb2xxeUt0Z0NfbEYyYnZSdFdvQ1NZR3FiQ3ViTHUyZGwydlpoaFI3S1UifQ.eyJpc3MiOiJtb2JpbGUiLCJpYXQiOjE2MTM0NTcwODYsImp0aSI6ImVjYzNhYmFlLWI3MWMtNGQ2Mi05YTcyLWRjMmRlMzA5Y2JiZCIsInVzZXIiOnsiaWQiOjUxLCJlbWFpbCI6ImRnX29wZXJhdG9yQGdtYWlsLmNvbSJ9fQ.wisKK6l5VEDvoK28wEWthgyS4Nj3iX1t8gD-6HpO27mpyhDF9Bd-8bF5umfWptgzGUbBDw8U9wea6u6lF6JeCg\";id|s:1:\"3\";username|s:8:\"operator\";email|s:18:\"operator@gmail.com\";roles|a:1:{i:0;O:8:\"stdClass\":2:{s:2:\"id\";s:2:\"14\";s:4:\"name\";s:8:\"Operator\";}}sup_id|s:2:\"12\";'),('sbre46cern0k9kgbc55ehrqni7j6ht4r','::1',1613468940,'__ci_last_regenerate|i:1613468940;role_name|s:8:\"Operator\";auth_user|s:1:\"3\";auth_loggedin|b:1;lang|s:2:\"en\";role_id|s:2:\"14\";first_name|s:8:\"Operator\";last_name|s:0:\"\";token|s:348:\"eyJhbGciOiJIUzUxMiIsImtpZCI6Im1Bb2xxeUt0Z0NfbEYyYnZSdFdvQ1NZR3FiQ3ViTHUyZGwydlpoaFI3S1UifQ.eyJpc3MiOiJtb2JpbGUiLCJpYXQiOjE2MTM0NTcwODYsImp0aSI6ImVjYzNhYmFlLWI3MWMtNGQ2Mi05YTcyLWRjMmRlMzA5Y2JiZCIsInVzZXIiOnsiaWQiOjUxLCJlbWFpbCI6ImRnX29wZXJhdG9yQGdtYWlsLmNvbSJ9fQ.wisKK6l5VEDvoK28wEWthgyS4Nj3iX1t8gD-6HpO27mpyhDF9Bd-8bF5umfWptgzGUbBDw8U9wea6u6lF6JeCg\";id|s:1:\"3\";username|s:8:\"operator\";email|s:18:\"operator@gmail.com\";roles|a:1:{i:0;O:8:\"stdClass\":2:{s:2:\"id\";s:2:\"14\";s:4:\"name\";s:8:\"Operator\";}}sup_id|s:2:\"12\";'),('sqv4k4rut0m956l8nk8nf1ni83kcsr3u','::1',1613634419,'__ci_last_regenerate|i:1613634419;auth_user|s:1:\"2\";auth_loggedin|b:1;lang|s:2:\"id\";role_id|s:2:\"15\";role_name|s:5:\"Owner\";first_name|s:5:\"Owner\";last_name|s:0:\"\";token|s:349:\"eyJhbGciOiJIUzUxMiIsImtpZCI6Im1Bb2xxeUt0Z0NfbEYyYnZSdFdvQ1NZR3FiQ3ViTHUyZGwydlpoaFI3S1UifQ.eyJpc3MiOiJtb2JpbGUiLCJpYXQiOjE2MTM2MzMxMDYsImp0aSI6IjE5NTZmNjFiLTc5NTgtNGQzNC1iNGExLTFiOGNlNzlmMmQ1NiIsInVzZXIiOnsiaWQiOjMsImVtYWlsIjoiZmlyaGF0aGlkYXlhdEBnbWFpbC5jb20ifX0.8zUM_BjyHGnfPCwUHijJIy6ayF9u6m9LNjZZNXrVpN_KawPYufxB-K7lF6gjh2T7w-hJAwcz1URcZNBz4EWPWw\";sup_id|s:0:\"\";id|s:1:\"2\";username|s:5:\"owner\";email|s:15:\"owner@gmail.com\";roles|a:1:{i:0;O:8:\"stdClass\":2:{s:2:\"id\";s:2:\"15\";s:4:\"name\";s:5:\"Owner\";}}'),('t84qc842pjckko97gd0507hp76lv4og7','::1',1613561808,'__ci_last_regenerate|i:1613561808;auth_user|s:1:\"3\";auth_loggedin|b:1;lang|s:2:\"id\";role_id|s:2:\"14\";role_name|s:8:\"Operator\";first_name|s:8:\"Operator\";last_name|s:0:\"\";token|s:348:\"eyJhbGciOiJIUzUxMiIsImtpZCI6Im1Bb2xxeUt0Z0NfbEYyYnZSdFdvQ1NZR3FiQ3ViTHUyZGwydlpoaFI3S1UifQ.eyJpc3MiOiJtb2JpbGUiLCJpYXQiOjE2MTM1NjE1OTQsImp0aSI6ImUxMGIyMjFkLWZhZjAtNGI4Mi04NjUwLTcyYWFjZGFjOTQxYyIsInVzZXIiOnsiaWQiOjUxLCJlbWFpbCI6ImRnX29wZXJhdG9yQGdtYWlsLmNvbSJ9fQ.ynKz1Iar62WCbdKB6VgqkEQVddWFOV68XEnJQiWmX1_OZP7hzctlrpgUpOEt64WepasjSKac5qwWkd23LF7IyA\";sup_id|s:2:\"12\";id|s:1:\"3\";username|s:8:\"operator\";email|s:18:\"operator@gmail.com\";roles|a:1:{i:0;O:8:\"stdClass\":2:{s:2:\"id\";s:2:\"14\";s:4:\"name\";s:8:\"Operator\";}}'),('th1rrpcd93tou644d4glgudpt04g08qd','::1',1613564989,'__ci_last_regenerate|i:1613564989;auth_user|s:1:\"1\";auth_loggedin|b:1;lang|s:2:\"id\";role_id|s:1:\"1\";role_name|s:13:\"Administrator\";first_name|s:5:\"Admin\";last_name|s:0:\"\";token|s:341:\"eyJhbGciOiJIUzUxMiIsImtpZCI6Im1Bb2xxeUt0Z0NfbEYyYnZSdFdvQ1NZR3FiQ3ViTHUyZGwydlpoaFI3S1UifQ.eyJpc3MiOiJtb2JpbGUiLCJpYXQiOjE2MTM1NjQ5NDEsImp0aSI6Ijk2ZjViNjk3LWMxOGQtNGI5ZS05YjhjLTMxZDYxNDdkMDdjNCIsInVzZXIiOnsiaWQiOjEsImVtYWlsIjoiYWRtaW5AZXhhbXBsZS5jb20ifX0.sBImY906ONhWeAg7otNgxWUDjiafQdsPwJt3Q5JlF8yxeTlIuVki1LKXQbPIqOpgw6rwZDDRAEMrNNoA01TBGw\";sup_id|s:0:\"\";id|s:1:\"1\";username|s:5:\"admin\";email|s:15:\"admin@gmail.com\";roles|a:1:{i:0;O:8:\"stdClass\":2:{s:2:\"id\";s:1:\"1\";s:4:\"name\";s:13:\"Administrator\";}}'),('tqc34nbed2cit67ges3jha1p9cf4gm5h','::1',1613561226,'__ci_last_regenerate|i:1613561226;role_name|s:5:\"Guest\";'),('u2re15rdqk3d0pc5c44qi4a4aq582s9e','::1',1613561407,'__ci_last_regenerate|i:1613561407;auth_user|s:1:\"1\";auth_loggedin|b:1;lang|s:2:\"id\";role_id|s:1:\"1\";role_name|s:13:\"Administrator\";first_name|s:5:\"Admin\";last_name|s:0:\"\";token|s:341:\"eyJhbGciOiJIUzUxMiIsImtpZCI6Im1Bb2xxeUt0Z0NfbEYyYnZSdFdvQ1NZR3FiQ3ViTHUyZGwydlpoaFI3S1UifQ.eyJpc3MiOiJtb2JpbGUiLCJpYXQiOjE2MTM1NjExMjcsImp0aSI6IjM2ZTQzZGZlLWZkOTMtNGVmZC05NjBlLWZiOTFjYWFmMmMwNCIsInVzZXIiOnsiaWQiOjEsImVtYWlsIjoiYWRtaW5AZXhhbXBsZS5jb20ifX0.nQMnCccp7ULqWapTp_VUj7wYsFNYCSm2yquNQE8gE8PmZODk6Kc8aSjnmt4lfBCaURz8sHLBwiSlbDgy2yabQg\";sup_id|s:0:\"\";id|s:1:\"1\";username|s:5:\"admin\";email|s:15:\"admin@gmail.com\";roles|a:1:{i:0;O:8:\"stdClass\":2:{s:2:\"id\";s:1:\"1\";s:4:\"name\";s:13:\"Administrator\";}}'),('uddf1j20uhhn15iej28od65va26lqhq0','::1',1613448994,'__ci_last_regenerate|i:1613448994;role_name|s:13:\"Administrator\";auth_user|s:1:\"1\";auth_loggedin|b:1;lang|s:2:\"id\";role_id|s:1:\"1\";first_name|s:5:\"Admin\";last_name|s:0:\"\";token|s:341:\"eyJhbGciOiJIUzUxMiIsImtpZCI6Im1Bb2xxeUt0Z0NfbEYyYnZSdFdvQ1NZR3FiQ3ViTHUyZGwydlpoaFI3S1UifQ.eyJpc3MiOiJtb2JpbGUiLCJpYXQiOjE2MTM0NDQxMzYsImp0aSI6ImQxODFjMjUzLTAyMTAtNGJhZS04NDk5LTA0ZDc1OWMwMDI2MCIsInVzZXIiOnsiaWQiOjEsImVtYWlsIjoiYWRtaW5AZXhhbXBsZS5jb20ifX0.Ha_qc9yE5G28oeK68XlHrO0EizkuVmi_yKmcbLwVnp_gBXHlAFBPpfMpOvnSur0rCoc4YPg4yCXZeIFC1v5nfA\";id|s:1:\"1\";username|s:5:\"admin\";email|s:15:\"admin@gmail.com\";roles|a:1:{i:0;O:8:\"stdClass\":2:{s:2:\"id\";s:1:\"1\";s:4:\"name\";s:13:\"Administrator\";}}'),('ujio03do7ciphahel21h9h4s4skup7th','::1',1613466570,'__ci_last_regenerate|i:1613466570;role_name|s:8:\"Operator\";auth_user|s:1:\"3\";auth_loggedin|b:1;lang|s:2:\"en\";role_id|s:2:\"14\";first_name|s:8:\"Operator\";last_name|s:0:\"\";token|s:348:\"eyJhbGciOiJIUzUxMiIsImtpZCI6Im1Bb2xxeUt0Z0NfbEYyYnZSdFdvQ1NZR3FiQ3ViTHUyZGwydlpoaFI3S1UifQ.eyJpc3MiOiJtb2JpbGUiLCJpYXQiOjE2MTM0NTcwODYsImp0aSI6ImVjYzNhYmFlLWI3MWMtNGQ2Mi05YTcyLWRjMmRlMzA5Y2JiZCIsInVzZXIiOnsiaWQiOjUxLCJlbWFpbCI6ImRnX29wZXJhdG9yQGdtYWlsLmNvbSJ9fQ.wisKK6l5VEDvoK28wEWthgyS4Nj3iX1t8gD-6HpO27mpyhDF9Bd-8bF5umfWptgzGUbBDw8U9wea6u6lF6JeCg\";id|s:1:\"3\";username|s:8:\"operator\";email|s:18:\"operator@gmail.com\";roles|a:1:{i:0;O:8:\"stdClass\":2:{s:2:\"id\";s:2:\"14\";s:4:\"name\";s:8:\"Operator\";}}sup_id|s:2:\"12\";'),('uni5l3os8curpjonec96il0g661ec6he','::1',1613633285,'__ci_last_regenerate|i:1613633285;auth_user|s:1:\"2\";auth_loggedin|b:1;lang|s:2:\"id\";role_id|s:2:\"15\";role_name|s:5:\"Owner\";first_name|s:5:\"Owner\";last_name|s:0:\"\";token|s:349:\"eyJhbGciOiJIUzUxMiIsImtpZCI6Im1Bb2xxeUt0Z0NfbEYyYnZSdFdvQ1NZR3FiQ3ViTHUyZGwydlpoaFI3S1UifQ.eyJpc3MiOiJtb2JpbGUiLCJpYXQiOjE2MTM2MzMxMDYsImp0aSI6IjE5NTZmNjFiLTc5NTgtNGQzNC1iNGExLTFiOGNlNzlmMmQ1NiIsInVzZXIiOnsiaWQiOjMsImVtYWlsIjoiZmlyaGF0aGlkYXlhdEBnbWFpbC5jb20ifX0.8zUM_BjyHGnfPCwUHijJIy6ayF9u6m9LNjZZNXrVpN_KawPYufxB-K7lF6gjh2T7w-hJAwcz1URcZNBz4EWPWw\";sup_id|s:0:\"\";id|s:1:\"2\";username|s:5:\"owner\";email|s:15:\"owner@gmail.com\";roles|a:1:{i:0;O:8:\"stdClass\":2:{s:2:\"id\";s:2:\"15\";s:4:\"name\";s:5:\"Owner\";}}'),('uprlh4cotqcktsu4v7iso1akclt7nali','::1',1613549938,'__ci_last_regenerate|i:1613549936;role_name|s:5:\"Guest\";'),('v4jv0anujv3gg1mkl7h3o3tcc01c8uh0','::1',1613561097,'__ci_last_regenerate|i:1613561097;auth_user|b:0;auth_loggedin|b:0;lang|s:2:\"id\";role_id|s:1:\"1\";role_name|s:5:\"Guest\";first_name|s:5:\"Admin\";last_name|s:0:\"\";token|s:341:\"eyJhbGciOiJIUzUxMiIsImtpZCI6Im1Bb2xxeUt0Z0NfbEYyYnZSdFdvQ1NZR3FiQ3ViTHUyZGwydlpoaFI3S1UifQ.eyJpc3MiOiJtb2JpbGUiLCJpYXQiOjE2MTM1NDk5NDgsImp0aSI6ImJjMTBjOWU4LTU5ODQtNDQ5My1iM2VjLTM0NzNiMjQ2MjQyOCIsInVzZXIiOnsiaWQiOjEsImVtYWlsIjoiYWRtaW5AZXhhbXBsZS5jb20ifX0.P3Q0DRp0BU4beFT1ijc4OjaYzoKv-KlxJ8O7HTGOYyrcJpUFu09tcea6zYeM5FqiakllTq1Rp7pJqOwe9_mmaQ\";sup_id|s:0:\"\";id|s:1:\"1\";username|s:5:\"admin\";email|s:15:\"admin@gmail.com\";roles|a:1:{i:0;O:8:\"stdClass\":2:{s:2:\"id\";s:1:\"1\";s:4:\"name\";s:13:\"Administrator\";}}'),('v4oifu3fkt1qadlr051qdbd298mkgrmh','::1',1613566044,'__ci_last_regenerate|i:1613566044;auth_user|s:1:\"1\";auth_loggedin|b:1;lang|s:2:\"id\";role_id|s:1:\"1\";role_name|s:13:\"Administrator\";first_name|s:5:\"Admin\";last_name|s:0:\"\";token|s:341:\"eyJhbGciOiJIUzUxMiIsImtpZCI6Im1Bb2xxeUt0Z0NfbEYyYnZSdFdvQ1NZR3FiQ3ViTHUyZGwydlpoaFI3S1UifQ.eyJpc3MiOiJtb2JpbGUiLCJpYXQiOjE2MTM1NjQ5NDEsImp0aSI6Ijk2ZjViNjk3LWMxOGQtNGI5ZS05YjhjLTMxZDYxNDdkMDdjNCIsInVzZXIiOnsiaWQiOjEsImVtYWlsIjoiYWRtaW5AZXhhbXBsZS5jb20ifX0.sBImY906ONhWeAg7otNgxWUDjiafQdsPwJt3Q5JlF8yxeTlIuVki1LKXQbPIqOpgw6rwZDDRAEMrNNoA01TBGw\";sup_id|s:0:\"\";id|s:1:\"1\";username|s:5:\"admin\";email|s:15:\"admin@gmail.com\";roles|a:1:{i:0;O:8:\"stdClass\":2:{s:2:\"id\";s:1:\"1\";s:4:\"name\";s:13:\"Administrator\";}}'),('v515bj7glo7gd781dhor27fsofjpf784','::1',1613447845,'__ci_last_regenerate|i:1613447845;role_name|s:13:\"Administrator\";auth_user|s:1:\"1\";auth_loggedin|b:1;lang|s:2:\"id\";role_id|s:1:\"1\";first_name|s:5:\"Admin\";last_name|s:0:\"\";token|s:341:\"eyJhbGciOiJIUzUxMiIsImtpZCI6Im1Bb2xxeUt0Z0NfbEYyYnZSdFdvQ1NZR3FiQ3ViTHUyZGwydlpoaFI3S1UifQ.eyJpc3MiOiJtb2JpbGUiLCJpYXQiOjE2MTM0NDQxMzYsImp0aSI6ImQxODFjMjUzLTAyMTAtNGJhZS04NDk5LTA0ZDc1OWMwMDI2MCIsInVzZXIiOnsiaWQiOjEsImVtYWlsIjoiYWRtaW5AZXhhbXBsZS5jb20ifX0.Ha_qc9yE5G28oeK68XlHrO0EizkuVmi_yKmcbLwVnp_gBXHlAFBPpfMpOvnSur0rCoc4YPg4yCXZeIFC1v5nfA\";id|s:1:\"1\";username|s:5:\"admin\";email|s:15:\"admin@gmail.com\";roles|a:1:{i:0;O:8:\"stdClass\":2:{s:2:\"id\";s:1:\"1\";s:4:\"name\";s:13:\"Administrator\";}}'),('v9b7m6qrsmqbultvi42381j21ho6klnh','::1',1613457344,'__ci_last_regenerate|i:1613457344;role_name|s:8:\"Operator\";auth_user|s:1:\"3\";auth_loggedin|b:1;lang|s:2:\"en\";role_id|s:2:\"14\";first_name|s:8:\"Operator\";last_name|s:0:\"\";token|s:348:\"eyJhbGciOiJIUzUxMiIsImtpZCI6Im1Bb2xxeUt0Z0NfbEYyYnZSdFdvQ1NZR3FiQ3ViTHUyZGwydlpoaFI3S1UifQ.eyJpc3MiOiJtb2JpbGUiLCJpYXQiOjE2MTM0NTcwODYsImp0aSI6ImVjYzNhYmFlLWI3MWMtNGQ2Mi05YTcyLWRjMmRlMzA5Y2JiZCIsInVzZXIiOnsiaWQiOjUxLCJlbWFpbCI6ImRnX29wZXJhdG9yQGdtYWlsLmNvbSJ9fQ.wisKK6l5VEDvoK28wEWthgyS4Nj3iX1t8gD-6HpO27mpyhDF9Bd-8bF5umfWptgzGUbBDw8U9wea6u6lF6JeCg\";id|s:1:\"3\";username|s:8:\"operator\";email|s:18:\"operator@gmail.com\";roles|a:1:{i:0;O:8:\"stdClass\":2:{s:2:\"id\";s:2:\"14\";s:4:\"name\";s:8:\"Operator\";}}sup_id|s:2:\"12\";');

/*Table structure for table `m_event` */

DROP TABLE IF EXISTS `m_event`;

CREATE TABLE `m_event` (
  `id` int(11) NOT NULL AUTO_INCREMENT,
  `uid` varchar(50) DEFAULT NULL,
  `nama` varchar(50) DEFAULT NULL,
  `keterangan` text,
  `img` text,
  `tanggal` text,
  `lokasi` text,
  `harga_tiket` decimal(21,2) DEFAULT NULL,
  `status` tinyint(1) DEFAULT '1',
  `created_at` datetime DEFAULT NULL,
  `created_by` int(11) DEFAULT NULL,
  `update_at` datetime DEFAULT NULL,
  `update_by` int(11) DEFAULT NULL,
  PRIMARY KEY (`id`)
) ENGINE=InnoDB AUTO_INCREMENT=3 DEFAULT CHARSET=latin1;

/*Data for the table `m_event` */

insert  into `m_event`(`id`,`uid`,`nama`,`keterangan`,`img`,`tanggal`,`lokasi`,`harga_tiket`,`status`,`created_at`,`created_by`,`update_at`,`update_by`) values (1,'fa9b482a-3ebb-11ea-a499-d8c497d4d231','UI / UX Training Series','<p><b>UI/UX Training Series</b></p><p>Sabtu 18 Januari 2020 - Pukul 10:00 WIB</p><p>at Ruko MTC Blok A 32</p><p><u><b>EP. 1 - Intro to UI/UX</b></u></p><p>Series pertama dari training UI/UX, memperkenalkan dunia UI/UX, bagaimana peluang dalam dunia UI/UX, tools yang populer digunakan dan workshop oleh trainer profesional.</p><p>Quota : 20 person</p><p>Investasi Rp. 100.000 - mahasiswa. Umum Rp. 150.000</p><p>===================================</p><p>Detail dan cara pembayaran akan kami kirim melalui email.</p>','./uploads/2020/event/5e4948a482d39-1581861028.jpg','2020-02-16','Bandung','100000.00',1,'2020-01-24 22:12:47',4,'2020-02-16 20:50:28',4),(2,'eedeab39-4371-11ea-9773-e0d55e1b620f','Bohemian Look Photo Hunt','<p>Hallo Instagramers, We are digital startup company will be collaborating with @ichadwg calling out you to come to our event “Bohemian Look”<br>Detail Plan<br>When : Saturday, 29th February 2020<br>Time : 9 am<br>Where : THR. Ir. H. Djuanda Dago, Bandung<br>HTM : IDR 50K (include ticket)<br><br>Model :<br>@mbinggggg @zahraar_ @bungarosselaaa<br><br>MUA :<br>@keawellz @artie_makeup_beautycare @intanpermataindahh<br><br>property<br>@alapiknik<br><br>Please register in short link telusur.app and DM @telusur.app if you have any questions with subject “Bohemian Look”. See you soon.<br><br>Team telusur.app :<br><b>@mraflih @firhat @wimbirosyidi @faizalhijjaz @non.firdhamakeup @dr.deden88 @rkftr</b><br><br>Sponsor by :<br>@telusur.app<br>Community partner :<br>@womenesia</p>','./uploads/2020/event/5e4b33470e0cf-1581986631.jpg','19 Januari 2020 02.20 AM','Bandung','100000.00',1,'2020-01-30 22:05:19',1,'2020-02-18 07:43:55',4);

/*Table structure for table `sys_options` */

DROP TABLE IF EXISTS `sys_options`;

CREATE TABLE `sys_options` (
  `option_id` bigint(20) unsigned NOT NULL AUTO_INCREMENT,
  `option_name` varchar(64) NOT NULL DEFAULT '',
  `option_value` longtext NOT NULL,
  `option_table` varchar(255) DEFAULT NULL,
  `option_type` varchar(20) DEFAULT NULL,
  `autoload` varchar(20) NOT NULL DEFAULT 'yes',
  PRIMARY KEY (`option_id`),
  UNIQUE KEY `option_name` (`option_name`)
) ENGINE=InnoDB AUTO_INCREMENT=7 DEFAULT CHARSET=utf8;

/*Data for the table `sys_options` */

insert  into `sys_options`(`option_id`,`option_name`,`option_value`,`option_table`,`option_type`,`autoload`) values (1,'rs_logo','assets/img/logo/ananda.png',NULL,'text','yes'),(2,'rs_logo_only','assets/img/logo/imedis.png',NULL,'text','yes'),(3,'rs_logo_without_text','assets/img/logo/ananda_text_empty.png',NULL,'text','yes'),(4,'tp_pendaftaran_baru','3',NULL,'text','yes'),(5,'tp_pendaftaran_ulang','4',NULL,'text','yes'),(6,'set_metode_harga_barang','max',NULL,'text','yes');

/*!40101 SET SQL_MODE=@OLD_SQL_MODE */;
/*!40014 SET FOREIGN_KEY_CHECKS=@OLD_FOREIGN_KEY_CHECKS */;
/*!40014 SET UNIQUE_CHECKS=@OLD_UNIQUE_CHECKS */;
/*!40111 SET SQL_NOTES=@OLD_SQL_NOTES */;
